U36759_s_at,U58087_at,U57450_at,D85815_at,X04470_s_at,U12139_at,D29833_at,X54457_s_at,M58569_s_at,U15173_at,D49824_at,HG3437-HT3628_s_at,X78416_s_at,X64559_at,U45448_s_at,U07559_at,X62573_at,X54131_at,U06233_at,U81787_at,M96326_rna1_at,Y07565_s_at,U43279_at,Y11416_at,L13720_at,X66436_at,U02566_s_at,D87470_at,U38372_at,HG537-HT537_at,D87460_at,D38037_at,M55040_at,X74837_at,U68031_at,J02874_at,X59766_at,D87462_at,U52827_at,L10338_s_at,X07730_at,U00951_at,M36542_s_at,U29656_at,X57809_at,U23430_s_at,U00957_at,U18237_at,L22454_at,U82759_at,U57341_r_at,L22214_at,X74328_rna1_at,L06133_at,J05036_s_at,S61953_at,X92762_at,D55643_s_at,U49248_at,S78873_s_at,AB004884_at,M81181_s_at,HG4333-HT4603_at,X59244_f_at,L07807_s_at,X76498_at,S72043_rna1_at,X80026_at,Z34974_s_at,M11437_cds2_at,U25433_at,L34673_at,HG3897-HT4167_at,U58837_s_at,X63657_at,J04040_at,X05232_at,X97303_at,L35240_at,M35531_at,L11369_at,D50913_at,U50743_at,D87673_at,M30838_at,M16801_at,X70070_at,L42601_f_at,M95585_s_at,X78924_at,M34344_at,U62966_at,X17094_at,M63904_at,U10991_at,M62400_at,AF000545_at,D14822_at,U01877_at,AD000092_cds1_at,class
-0.0062,-0.2982,0.4934,-0.0573,0.1067,-0.5285,0.5912,0.4781,0.3168,0.1965,0.6015,-0.1187,0.2111,0.235,-0.2896,0.4507,-0.248,-0.2359,0.7473,-0.3984,-0.6391,1.2857,0.065,-0.2851,0.3132,-0.0111,0.3673,-0.3363,0.6231,-0.5002,-0.5747,0.163,-0.5368,-0.3495,0.1421,-0.3758,0.4162,-0.7145,-0.907,-0.6151,-0.3367,0.1103,-0.438,-0.0593,-0.0593,-0.1059,0.3062,-0.1059,-0.4835,-0.5216,-0.4636,0.1421,-0.3758,-0.907,-0.5747,-0.7145,-0.5002,-0.438,-0.5368,-0.3367,-0.0593,0.4162,0.4952,0.0828,-0.1059,-0.4835,1.2857,0.3132,-0.3363,-0.3495,-0.0111,-0.248,-0.2359,0.065,-0.6391,-0.6151,-0.3984,0.3673,0.163,-0.2851,-0.1059,0.4507,0.235,-0.2896,0.4781,0.6015,0.6231,0.7473,0.3168,-0.1187,0.5912,-0.2982,-0.5285,0.1965,0.2111,0.4934,-0.0573,0.1067,0.1103,-0.0062,DLBCL
0.0312,-0.3096,-0.0838,-0.0894,0.3402,0.2855,0.4519,0.3959,0.1025,0.0711,0.6194,-0.0403,-0.2016,0.9625,0.5733,0.3369,0.002,-0.1554,-0.4584,0.9776,0.2281,-1.3367,-0.2475,0.6321,0.8458,0.5218,0.3647,0.4075,-0.3534,-0.6239,0.2131,-0.4035,-0.3171,-0.577,-1.4083,-0.1193,-0.1804,0.6554,0.6026,0.9145,-0.0212,-0.3045,-0.2051,0.2179,0.2179,-0.0484,0.2681,-0.0484,0.6117,1.0891,0.0299,-1.4083,-0.1193,0.6026,0.2131,0.6554,-0.6239,-0.2051,-0.3171,-0.0212,0.2179,-0.1804,-0.6673,0.0238,-0.0484,0.6117,-1.3367,0.8458,0.4075,-0.577,0.5218,0.002,-0.1554,-0.2475,0.2281,0.9145,0.9776,0.3647,-0.4035,0.6321,-0.0484,0.3369,0.9625,0.5733,0.3959,0.6194,-0.3534,-0.4584,0.1025,-0.0403,0.4519,-0.3096,0.2855,0.0711,-0.2016,-0.0838,-0.0894,0.3402,-0.3045,0.0312,DLBCL
-0.0109,-0.1132,-0.3282,0.3576,-1.0372,-0.7853,-0.1145,-0.7036,-0.1988,-0.1305,-1.0135,0.2751,0.4764,0.3114,-0.2463,0.2177,0.2236,0.5933,-0.2279,-0.4265,0.2841,0.125,-0.0623,-0.9327,-0.0855,-0.6287,0.1382,0.4479,0.6329,0.2177,-0.1502,0.7556,0.9682,0.6395,0.2455,-0.3025,0.2794,-0.2232,0.4449,0.0705,-0.3101,0.184,0.7495,0.2134,0.2134,-1.0078,1.2309,-1.0078,0.0261,0.023,0.6033,0.2455,-0.3025,0.4449,-0.1502,-0.2232,0.2177,0.7495,0.9682,-0.3101,0.2134,0.2794,0.6829,0.1081,-1.0078,0.0261,0.125,-0.0855,0.4479,0.6395,-0.6287,0.2236,0.5933,-0.0623,0.2841,0.0705,-0.4265,0.1382,0.7556,-0.9327,-1.0078,0.2177,0.3114,-0.2463,-0.7036,-1.0135,0.6329,-0.2279,-0.1988,0.2751,-0.1145,-0.1132,-0.7853,-0.1305,0.4764,-0.3282,0.3576,-1.0372,0.184,-0.0109,DLBCL
-0.1493,-0.2848,-0.354,-0.2071,-0.4041,0.0908,-0.0217,-0.0049,0.1083,-0.6763,0.0717,-0.1542,0.4027,-0.0997,-0.173,0.3911,-0.587,0.6175,-0.5294,0.416,-0.1214,0.0304,0.0303,0.5363,0.0837,-0.4316,-0.596,0.878,0.4766,1.0902,-0.1243,0.3614,0.9517,-0.1919,0.7106,0.0455,0.325,0.5263,0.3277,-0.4922,-0.1279,0.2713,-0.4888,0.2743,0.2743,-0.6718,0.8012,-0.6718,-0.2493,0.0861,-0.3173,0.7106,0.0455,0.3277,-0.1243,0.5263,1.0902,-0.4888,0.9517,-0.1279,0.2743,0.325,0.0802,-0.3262,-0.6718,-0.2493,0.0304,0.0837,0.878,-0.1919,-0.4316,-0.587,0.6175,0.0303,-0.1214,-0.4922,0.416,-0.596,0.3614,0.5363,-0.6718,0.3911,-0.0997,-0.173,-0.0049,0.0717,0.4766,-0.5294,0.1083,-0.1542,-0.0217,-0.2848,0.0908,-0.6763,0.4027,-0.354,-0.2071,-0.4041,0.2713,-0.1493,DLBCL
0.1078,0.0698,0.1588,-0.314,-0.8836,-0.0423,0.4334,0.1081,0.34,0.1228,0.4505,-0.2157,-0.4006,0.0276,0.7598,0.0714,-0.1871,0.223,-0.7953,1.1742,-0.0261,0.2024,-0.1549,-0.2045,0.3927,-0.474,0.5339,-0.225,0.3985,0.2332,-0.0446,0.4032,-0.4654,0.0706,0.59,-0.2619,0.4352,0.0372,0.1925,-0.0427,-0.1279,0.1567,-0.4948,-0.6319,-0.6319,0.1297,0.0886,0.1297,-0.0942,0.3684,-0.4274,0.59,-0.2619,0.1925,-0.0446,0.0372,0.2332,-0.4948,-0.4654,-0.1279,-0.6319,0.4352,0.1099,0.3315,0.1297,-0.0942,0.2024,0.3927,-0.225,0.0706,-0.474,-0.1871,0.223,-0.1549,-0.0261,-0.0427,1.1742,0.5339,0.4032,-0.2045,0.1297,0.0714,0.0276,0.7598,0.1081,0.4505,0.3985,-0.7953,0.34,-0.2157,0.4334,0.0698,-0.0423,0.1228,-0.4006,0.1588,-0.314,-0.8836,0.1567,0.1078,DLBCL
-0.0072,-0.2305,-0.1095,-0.6028,-0.1503,0.1004,-0.3188,0.7144,0.2357,0.6416,0.7781,0.1239,-0.607,0.0749,0.4133,-0.1291,-0.3762,-0.6707,-0.0683,0.0284,0.2393,-0.5628,0.4353,0.6119,0.1793,-0.7923,0.2814,0.2203,0.4766,0.6478,-0.3801,0.1839,-0.4874,-0.1657,-0.3919,-0.3051,0.1426,0.2501,0.0438,0.3906,0.3275,-0.4328,0.0298,0.1052,0.1052,-0.2035,0.1049,-0.2035,-0.2303,-0.0035,-0.2847,-0.3919,-0.3051,0.0438,-0.3801,0.2501,0.6478,0.0298,-0.4874,0.3275,0.1052,0.1426,0.2284,-0.1533,-0.2035,-0.2303,-0.5628,0.1793,0.2203,-0.1657,-0.7923,-0.3762,-0.6707,0.4353,0.2393,0.3906,0.0284,0.2814,0.1839,0.6119,-0.2035,-0.1291,0.0749,0.4133,0.7144,0.7781,0.4766,-0.0683,0.2357,0.1239,-0.3188,-0.2305,0.1004,0.6416,-0.607,-0.1095,-0.6028,-0.1503,-0.4328,-0.0072,DLBCL
-0.0614,-0.3811,-0.558,-0.1771,0.3402,-0.0518,0.0526,0.3753,0.4269,-0.8017,0.7679,-0.0758,-0.6144,1.0353,0.3401,-0.4163,-0.763,0.545,-1.3273,-0.6849,-0.2915,-0.4253,-0.2243,0.7808,0.7884,0.2779,0.0991,0.0836,-0.5975,0.8489,-0.5451,0.0586,0.1717,-0.0344,-1.2188,2.9215,-0.15,1.706,0.1069,-0.586,-0.4256,0.304,2.0396,0.0579,0.0579,-0.3759,-0.2976,-0.3759,0.3964,0.2887,-1.0733,-1.2188,2.9215,0.1069,-0.5451,1.706,0.8489,2.0396,0.1717,-0.4256,0.0579,-0.15,-0.6575,-1.0724,-0.3759,0.3964,-0.4253,0.7884,0.0836,-0.0344,0.2779,-0.763,0.545,-0.2243,-0.2915,-0.586,-0.6849,0.0991,0.0586,0.7808,-0.3759,-0.4163,1.0353,0.3401,0.3753,0.7679,-0.5975,-1.3273,0.4269,-0.0758,0.0526,-0.3811,-0.0518,-0.8017,-0.6144,-0.558,-0.1771,0.3402,0.304,-0.0614,DLBCL
-0.0717,-0.2963,-0.0985,-0.2541,-0.6313,-0.2071,-0.6438,0.4909,0.7166,-0.4968,-0.348,-0.1598,1.3461,0.4569,-0.1464,0.3803,-0.5022,0.9234,-0.2634,-0.0109,0.1701,-0.0384,-0.2475,0.234,-0.0575,-0.6185,-0.9605,0.3012,-0.0702,1.1923,-0.6192,0.5259,0.2761,-0.2795,-0.4092,-0.2933,0.591,0.3135,0.0348,0.0931,0.4009,-0.5501,-0.0817,0.263,0.263,-0.2323,-0.0855,-0.2323,-0.6259,-0.3456,-0.3239,-0.4092,-0.2933,0.0348,-0.6192,0.3135,1.1923,-0.0817,0.2761,0.4009,0.263,0.591,0.2976,0.3863,-0.2323,-0.6259,-0.0384,-0.0575,0.3012,-0.2795,-0.6185,-0.5022,0.9234,-0.2475,0.1701,0.0931,-0.0109,-0.9605,0.5259,0.234,-0.2323,0.3803,0.4569,-0.1464,0.4909,-0.348,-0.0702,-0.2634,0.7166,-0.1598,-0.6438,-0.2963,-0.2071,-0.4968,1.3461,-0.0985,-0.2541,-0.6313,-0.5501,-0.0717,DLBCL
-0.3541,-0.5346,-0.0489,-0.391,-0.1722,0.0135,-0.0124,0.0773,0.6587,0.0982,0.1229,-0.3165,0.2037,-0.6344,-0.6661,-0.335,-0.2697,-0.6063,-0.7067,-0.2468,0.2038,-0.795,0.1575,-0.3028,-0.8049,-0.7441,0.2788,-0.2098,-0.7733,-0.3176,-0.4338,-0.0093,-0.6467,-0.3407,0.8484,-0.3077,-0.0892,0.2976,-0.0914,-0.3402,-0.3234,-1.1123,-0.3027,-0.0255,-0.0255,-0.3902,-0.7111,-0.3902,-0.2144,-0.8936,-0.2159,0.8484,-0.3077,-0.0914,-0.4338,0.2976,-0.3176,-0.3027,-0.6467,-0.3234,-0.0255,-0.0892,-1.0658,-0.7014,-0.3902,-0.2144,-0.795,-0.8049,-0.2098,-0.3407,-0.7441,-0.2697,-0.6063,0.1575,0.2038,-0.3402,-0.2468,0.2788,-0.0093,-0.3028,-0.3902,-0.335,-0.6344,-0.6661,0.0773,0.1229,-0.7733,-0.7067,0.6587,-0.3165,-0.0124,-0.5346,0.0135,0.0982,0.2037,-0.0489,-0.391,-0.1722,-1.1123,-0.3541,DLBCL
0.2668,-0.1666,-0.2051,-0.3269,0.2885,0.7584,0.1641,0.6579,0.369,0.4621,0.5222,0.0231,-0.2827,0.6497,0.0769,0.1256,0.0498,0.1103,0.2154,0.9552,-0.0616,-0.1845,0.5973,0.5212,1.087,0.5933,0.4584,0.5036,0.2227,-0.3362,0.404,0.304,0.5947,-0.2357,0.3661,-0.067,0.078,0.918,0.2015,0.8757,-0.1301,-0.2827,-0.1195,0.3554,0.3554,0.5204,0.0015,0.5204,0.925,0.4548,-0.3688,0.3661,-0.067,0.2015,0.404,0.918,-0.3362,-0.1195,0.5947,-0.1301,0.3554,0.078,-1.0428,-0.4484,0.5204,0.925,-0.1845,1.087,0.5036,-0.2357,0.5933,0.0498,0.1103,0.5973,-0.0616,0.8757,0.9552,0.4584,0.304,0.5212,0.5204,0.1256,0.6497,0.0769,0.6579,0.5222,0.2227,0.2154,0.369,0.0231,0.1641,-0.1666,0.7584,0.4621,-0.2827,-0.2051,-0.3269,0.2885,-0.2827,0.2668,DLBCL
0.0854,-0.117,0.9988,-0.2071,0.5486,0.2721,-0.8574,-0.7165,0.4443,-0.4919,-0.2917,0.6595,-0.0763,-0.4198,1.5228,-0.2212,0.3953,-0.1635,-0.1215,0.7698,0.6579,-0.666,-1.4162,-0.2977,-0.4621,0.2721,0.8671,0.3265,0.9063,1.3347,0.3892,-0.9152,0.0619,-1.7761,-0.3575,-0.5079,0.4998,0.5331,1.0082,0.5911,0.3942,0.6997,0.0437,0.3194,0.3194,1.0058,-1.0864,1.0058,-0.9678,0.9098,0.0482,-0.3575,-0.5079,1.0082,0.3892,0.5331,1.3347,0.0437,0.0619,0.3942,0.3194,0.4998,-0.6048,1.1747,1.0058,-0.9678,-0.666,-0.4621,0.3265,-1.7761,0.2721,0.3953,-0.1635,-1.4162,0.6579,0.5911,0.7698,0.8671,-0.9152,-0.2977,1.0058,-0.2212,-0.4198,1.5228,-0.7165,-0.2917,0.9063,-0.1215,0.4443,0.6595,-0.8574,-0.117,0.2721,-0.4919,-0.0763,0.9988,-0.2071,0.5486,0.6997,0.0854,DLBCL
0.033,-0.1895,0.1882,-0.1194,0.2728,0.134,0.0433,0.4678,0.6355,-0.16,0.4121,-0.1467,-0.6365,0.6206,0.0602,-0.2429,-0.2871,-0.3326,-0.3875,-1.1398,0.2187,-0.4167,-1.0806,0.6094,0.1882,-0.4477,-0.0623,0.2405,0.6524,0.1434,-0.3652,-0.0302,-0.7236,-0.1569,0.9346,-0.33,0.0666,0.472,0.5936,0.4941,-0.0435,0.3259,-0.012,0.4186,0.4186,-0.508,0.0342,-0.508,-0.148,0.5378,-0.4111,0.9346,-0.33,0.5936,-0.3652,0.472,0.1434,-0.012,-0.7236,-0.0435,0.4186,0.0666,-0.7069,-0.7604,-0.508,-0.148,-0.4167,0.1882,0.2405,-0.1569,-0.4477,-0.2871,-0.3326,-1.0806,0.2187,0.4941,-1.1398,-0.0623,-0.0302,0.6094,-0.508,-0.2429,0.6206,0.0602,0.4678,0.4121,0.6524,-0.3875,0.6355,-0.1467,0.0433,-0.1895,0.134,-0.16,-0.6365,0.1882,-0.1194,0.2728,0.3259,0.033,DLBCL
-0.2456,0.495,-0.4606,-0.3033,-0.1362,-0.0512,-0.4024,0.0979,-0.4248,1.4677,0.6527,-0.0329,-1.204,-0.5762,-0.3962,-0.7522,0.0672,-0.3165,-1.416,-0.3704,0.0225,-0.7778,0.1691,0.0223,0.2058,-0.6112,0.4089,0.114,-0.3339,-0.0608,-0.3819,0.116,0.2157,-0.9971,-1.1327,-0.0133,-0.8454,0.6282,0.3953,-0.4631,-0.7833,0.3231,1.2014,0.5493,0.5493,0.259,0.5292,0.259,0.5041,-0.7707,-0.2653,-1.1327,-0.0133,0.3953,-0.3819,0.6282,-0.0608,1.2014,0.2157,-0.7833,0.5493,-0.8454,-0.068,-0.0816,0.259,0.5041,-0.7778,0.2058,0.114,-0.9971,-0.6112,0.0672,-0.3165,0.1691,0.0225,-0.4631,-0.3704,0.4089,0.116,0.0223,0.259,-0.7522,-0.5762,-0.3962,0.0979,0.6527,-0.3339,-1.416,-0.4248,-0.0329,-0.4024,0.495,-0.0512,1.4677,-1.204,-0.4606,-0.3033,-0.1362,0.3231,-0.2456,DLBCL
-0.2671,0.2386,1.5318,0.3726,0.6693,-0.1127,-0.291,0.1698,-0.6739,-0.2805,-0.5656,0.0492,0.4912,-0.5035,-0.8627,0.1906,0.2258,0.5611,1.829,0.9215,-0.4597,1.7328,1.2221,-0.4388,-0.1399,0.4225,-0.4841,-0.5539,0.6329,-0.0329,-0.317,0.5703,-0.8334,0.9021,0.4867,-0.2606,-0.397,-0.2141,-0.5014,0.7884,1.0207,-0.2854,-0.6799,-0.0841,-0.0841,0.6611,-0.0202,0.6611,0.2793,-0.515,0.4239,0.4867,-0.2606,-0.5014,-0.317,-0.2141,-0.0329,-0.6799,-0.8334,1.0207,-0.0841,-0.397,0.8081,0.0491,0.6611,0.2793,1.7328,-0.1399,-0.5539,0.9021,0.4225,0.2258,0.5611,1.2221,-0.4597,0.7884,0.9215,-0.4841,0.5703,-0.4388,0.6611,0.1906,-0.5035,-0.8627,0.1698,-0.5656,0.6329,1.829,-0.6739,0.0492,-0.291,0.2386,-0.1127,-0.2805,0.4912,1.5318,0.3726,0.6693,-0.2854,-0.2671,DLBCL
0.4006,-0.4774,-0.9991,-0.2648,0.2869,-0.507,0.0712,0.1441,-0.2857,-0.991,-0.2226,0.2993,0.1595,0.4933,-0.1464,0.3911,-0.0871,-0.3245,1.102,-0.8253,-1.6745,0.082,-1.1501,-0.0835,0.4059,0.6984,-1.299,-1.7227,1.3457,-0.1722,0.4207,0.5885,-0.1963,-0.4107,0.3316,-0.2515,0.3858,-1.4753,-1.0512,0.064,-0.4522,1.0709,-0.3933,-0.5259,-0.5259,0.2216,0.4258,0.2216,0.8712,-1.4283,0.116,0.3316,-0.2515,-1.0512,0.4207,-1.4753,-0.1722,-0.3933,-0.1963,-0.4522,-0.5259,0.3858,0.3734,-0.2629,0.2216,0.8712,0.082,0.4059,-1.7227,-0.4107,0.6984,-0.0871,-0.3245,-1.1501,-1.6745,0.064,-0.8253,-1.299,0.5885,-0.0835,0.2216,0.3911,0.4933,-0.1464,0.1441,-0.2226,1.3457,1.102,-0.2857,0.2993,0.0712,-0.4774,-0.507,-0.991,0.1595,-0.9991,-0.2648,0.2869,1.0709,0.4006,DLBCL
0.4903,0.3997,-0.0966,0.0753,-0.2286,0.0775,0.5448,0.419,-0.3437,-0.0715,0.0282,0.2359,-0.3195,-0.0742,-0.5995,0.0281,-0.274,0.2954,0.0558,-0.2356,0.1215,-0.1071,-0.6062,0.1861,-0.7857,-0.0798,0.172,-0.2857,0.3497,-0.2712,0.2353,-0.2521,0.018,-0.1569,0.0388,-0.2685,-0.1082,-0.1575,0.1204,-0.7347,-0.0568,-1.3798,0.0776,0.414,0.414,0.0493,0.4693,0.0493,0.3869,-0.2958,0.0095,0.0388,-0.2685,0.1204,0.2353,-0.1575,-0.2712,0.0776,0.018,-0.0568,0.414,-0.1082,0.7422,0.9344,0.0493,0.3869,-0.1071,-0.7857,-0.2857,-0.1569,-0.0798,-0.274,0.2954,-0.6062,0.1215,-0.7347,-0.2356,0.172,-0.2521,0.1861,0.0493,0.0281,-0.0742,-0.5995,0.419,0.0282,0.3497,0.0558,-0.3437,0.2359,0.5448,0.3997,0.0775,-0.0715,-0.3195,-0.0966,0.0753,-0.2286,-1.3798,0.4903,DLBCL
-0.4046,0.1032,-0.2841,0.1737,0.0174,0.0503,0.9905,0.0696,-0.251,-0.6739,0.5043,-0.2456,-0.5849,0.2968,-0.1131,-0.8714,-0.0784,0.6416,-0.9727,0.0116,-0.2522,0.3657,-0.7103,0.1533,-0.0781,-0.7076,-0.5179,0.0533,0.5743,0.1218,-0.0853,0.4502,0.1772,-0.3495,0.0215,-0.4922,-0.3362,-0.9794,0.4314,-0.5989,0.3542,0.4405,0.7326,0.1097,0.1097,-0.0398,-0.5914,-0.0398,-0.5784,0.5445,0.2113,0.0215,-0.4922,0.4314,-0.0853,-0.9794,0.1218,0.7326,0.1772,0.3542,0.1097,-0.3362,-0.0844,0.0954,-0.0398,-0.5784,0.3657,-0.0781,0.0533,-0.3495,-0.7076,-0.0784,0.6416,-0.7103,-0.2522,-0.5989,0.0116,-0.5179,0.4502,0.1533,-0.0398,-0.8714,0.2968,-0.1131,0.0696,0.5043,0.5743,-0.9727,-0.251,-0.2456,0.9905,0.1032,0.0503,-0.6739,-0.5849,-0.2841,0.1737,0.0174,0.4405,-0.4046,DLBCL
-0.0315,0.6399,-0.6131,-0.0488,-0.2333,-0.5177,0.2662,-0.046,-0.4422,-0.0813,-0.3864,0.1015,-0.4006,-0.6781,-0.2896,-0.1724,-0.3631,-0.5258,-0.2457,-0.6119,-0.3363,-0.5199,-0.421,-0.2221,-0.4886,-0.8492,-0.4841,-0.1845,-1.0565,-0.528,-0.4338,-0.5001,0.1553,1.0509,0.6762,-0.1978,0.0552,0.0078,-0.3482,-0.9288,-0.6322,-0.1626,-0.1165,-0.012,-0.012,-0.0743,0.2572,-0.0743,-0.2936,-0.4619,0.0232,0.6762,-0.1978,-0.3482,-0.4338,0.0078,-0.528,-0.1165,0.1553,-0.6322,-0.012,0.0552,0.4359,0.5128,-0.0743,-0.2936,-0.5199,-0.4886,-0.1845,1.0509,-0.8492,-0.3631,-0.5258,-0.421,-0.3363,-0.9288,-0.6119,-0.4841,-0.5001,-0.2221,-0.0743,-0.1724,-0.6781,-0.2896,-0.046,-0.3864,-1.0565,-0.2457,-0.4422,0.1015,0.2662,0.6399,-0.5177,-0.0813,-0.4006,-0.6131,-0.0488,-0.2333,-0.1626,-0.0315,DLBCL
0.0508,0.3329,-0.444,0.9758,0.1475,-0.5241,-0.4024,-0.3979,0.0561,-0.3616,-0.3736,-0.3445,0.3217,0.024,-0.0831,0.6295,0.7691,0.6899,0.3218,0.1239,0.5028,0.4775,0.0418,-0.6328,1.8741,2.0198,0.6276,-0.0985,0.7891,-0.33,0.0815,0.1108,0.8803,-0.5333,-0.9087,-0.4006,0.7507,-0.6534,-0.8665,0.009,-0.9987,0.6015,0.8471,-0.7987,-0.7987,-1.275,0.1647,-1.275,0.6117,-1.5014,1.1039,-0.9087,-0.4006,-0.8665,0.0815,-0.6534,-0.33,0.8471,0.8803,-0.9987,-0.7987,0.7507,1.5194,0.2261,-1.275,0.6117,0.4775,1.8741,-0.0985,-0.5333,2.0198,0.7691,0.6899,0.0418,0.5028,0.009,0.1239,0.6276,0.1108,-0.6328,-1.275,0.6295,0.024,-0.0831,-0.3979,-0.3736,0.7891,0.3218,0.0561,-0.3445,-0.4024,0.3329,-0.5241,-0.3616,0.3217,-0.444,0.9758,0.1475,0.6015,0.0508,DLBCL
-0.846,-0.3802,-0.1408,-0.6862,-0.1126,-0.1805,-0.0588,0.3368,-0.3611,-0.3813,0.5862,0.2862,-0.0911,-0.6926,-0.4162,-0.6764,-0.5739,-0.9122,-0.1215,-0.6231,-0.0579,-0.3737,-0.502,-0.0684,0.0764,0.0867,0.5964,-0.2402,-0.6268,-0.1784,-0.28,-0.1712,-0.7345,0.1669,-0.9604,-0.2685,-0.2754,0.2365,0.7513,-0.5116,-0.4545,-0.3018,-0.4361,-0.3028,-0.3028,-0.2782,-0.4173,-0.2782,-0.2176,-0.4253,-0.5115,-0.9604,-0.2685,0.7513,-0.28,0.2365,-0.1784,-0.4361,-0.7345,-0.4545,-0.3028,-0.2754,-0.529,-0.0732,-0.2782,-0.2176,-0.3737,0.0764,-0.2402,0.1669,0.0867,-0.5739,-0.9122,-0.502,-0.0579,-0.5116,-0.6231,0.5964,-0.1712,-0.0684,-0.2782,-0.6764,-0.6926,-0.4162,0.3368,0.5862,-0.6268,-0.1215,-0.3611,0.2862,-0.0588,-0.3802,-0.1805,-0.3813,-0.0911,-0.1408,-0.6862,-0.1126,-0.3018,-0.846,DLBCL
0.0882,-1.0332,-0.0378,-0.2648,0.4468,0.6893,-0.6531,0.347,-0.3958,-0.0469,-0.7012,-0.0553,0.7049,-0.4416,-1.1659,1.4044,0.228,-0.5821,1.6339,-0.1232,-0.5232,0.4259,1.3957,-0.5522,-0.4738,1.3087,-0.4398,-0.2554,-0.8319,-0.364,0.3447,-1.9256,0.0784,-1.1547,-0.0991,-0.3287,1.2181,-1.5727,-1.0287,0.0769,-1.0632,0.5606,-0.2569,-0.8054,-0.8054,-0.9016,-0.3357,-0.9016,0.7161,-0.8538,0.2536,-0.0991,-0.3287,-1.0287,0.3447,-1.5727,-0.364,-0.2569,0.0784,-1.0632,-0.8054,1.2181,0.6829,0.2641,-0.9016,0.7161,0.4259,-0.4738,-0.2554,-1.1547,1.3087,0.228,-0.5821,1.3957,-0.5232,0.0769,-0.1232,-0.4398,-1.9256,-0.5522,-0.9016,1.4044,-0.4416,-1.1659,0.347,-0.7012,-0.8319,1.6339,-0.3958,-0.0553,-0.6531,-1.0332,0.6893,-0.0469,0.7049,-0.0378,-0.2648,0.4468,0.5606,0.0882,DLBCL
0.2893,1.0556,-0.0985,1.8978,0.0942,-0.4448,-0.4581,-1.3715,-1.0621,0.3318,-1.6456,0.9767,0.9481,-2.1987,0.0769,-1.2832,2.2426,-0.558,-0.7422,0.7136,1.0971,-0.3823,-0.6293,-0.653,0.2985,-0.4696,0.4766,0.3417,-0.451,0.3538,1.6682,0.2753,1.1604,-1.1284,-1.8735,0.1358,-2.4035,0.4063,0.2962,0.4553,0.6119,-0.0589,0.5922,0.2608,0.2608,1.181,-0.983,1.181,0.6243,0.7902,2.1474,-1.8735,0.1358,0.2962,1.6682,0.4063,0.3538,0.5922,1.1604,0.6119,0.2608,-2.4035,1.2527,-0.8237,1.181,0.6243,-0.3823,0.2985,0.3417,-1.1284,-0.4696,2.2426,-0.558,-0.6293,1.0971,0.4553,0.7136,0.4766,0.2753,-0.653,1.181,-1.2832,-2.1987,0.0769,-1.3715,-1.6456,-0.451,-0.7422,-1.0621,0.9767,-0.4581,1.0556,-0.4448,0.3318,0.9481,-0.0985,1.8978,0.0942,-0.0589,0.2893,DLBCL
-0.1811,0.0555,-0.3595,-0.8702,-0.3869,-0.3016,-0.2817,0.4113,0.1314,-0.0936,0.4121,-0.2008,0.0932,0.6242,0.0135,0.3044,-0.537,-0.4614,-0.0151,-0.5669,-0.1513,-0.1071,-0.0855,-0.1868,0.0543,-0.7047,0.1278,-0.4325,-0.1093,-0.1041,-0.9788,-0.1555,0.0894,-0.3057,-0.1163,-0.1206,-0.226,-0.4088,0.3142,-0.8091,-0.7233,-0.4519,-0.7815,-0.145,-0.145,-0.7665,0.6325,-0.7665,-0.2841,-0.1231,-0.6425,-0.1163,-0.1206,0.3142,-0.9788,-0.4088,-0.1041,-0.7815,0.0894,-0.7233,-0.145,-0.226,0.044,0.1587,-0.7665,-0.2841,-0.1071,0.0543,-0.4325,-0.3057,-0.7047,-0.537,-0.4614,-0.0855,-0.1513,-0.8091,-0.5669,0.1278,-0.1555,-0.1868,-0.7665,0.3044,0.6242,0.0135,0.4113,0.4121,-0.1093,-0.0151,0.1314,-0.2008,-0.2817,0.0555,-0.3016,-0.0936,0.0932,-0.3595,-0.8702,-0.3869,-0.4519,-0.1811,DLBCL
0.1284,-0.0055,0.0669,0.24,-0.0327,0.262,0.2476,-0.1076,0.3574,-0.5288,-0.7627,-0.0198,-0.2606,1.2245,-0.1364,-0.1399,0.0063,0.2069,-0.0861,-0.303,0.5981,0.2712,0.6898,-0.6228,0.0396,-0.6988,-0.2706,-0.4983,-0.0019,-0.1753,-0.0705,-0.6959,0.9078,0.1757,0.0215,-0.3627,-0.1234,0.8682,0.3728,0.3259,0.2853,0.2249,0.5534,0.0331,0.0331,-0.5367,-0.0257,-0.5367,-0.1543,0.209,0.1639,0.0215,-0.3627,0.3728,-0.0705,0.8682,-0.1753,0.5534,0.9078,0.2853,0.0331,-0.1234,-0.0976,-0.596,-0.5367,-0.1543,0.2712,0.0396,-0.4983,0.1757,-0.6988,0.0063,0.2069,0.6898,0.5981,0.3259,-0.303,-0.2706,-0.6959,-0.6228,-0.5367,-0.1399,1.2245,-0.1364,-0.1076,-0.7627,-0.0019,-0.0861,0.3574,-0.0198,0.2476,-0.0055,0.262,-0.5288,-0.2606,0.0669,0.24,-0.0327,0.2249,0.1284,DLBCL
-0.0418,0.3778,-0.2363,0.4624,-0.2286,-0.2147,0.5727,-0.7627,-0.2104,-0.396,0.1306,0.1052,0.4469,-0.3325,0.2601,0.0443,0.0085,0.4323,0.2508,-0.3928,0.3383,-0.0212,-0.4442,-0.6555,-0.2591,-0.1717,-0.2602,-0.0631,0.6915,-0.7601,-0.1873,-0.6594,0.2816,0.412,-0.7709,-0.3313,-0.0664,0.678,-0.2987,-0.0039,0.8741,-0.2772,0.9257,0.8468,0.8468,-0.5913,0.279,-0.5913,-0.1701,0.4548,0.2506,-0.7709,-0.3313,-0.2987,-0.1873,0.678,-0.7601,0.9257,0.2816,0.8741,0.8468,-0.0664,0.3371,0.2093,-0.5913,-0.1701,-0.0212,-0.2591,-0.0631,0.412,-0.1717,0.0085,0.4323,-0.4442,0.3383,-0.0039,-0.3928,-0.2602,-0.6594,-0.6555,-0.5913,0.0443,-0.3325,0.2601,-0.7627,0.1306,0.6915,0.2508,-0.2104,0.1052,0.5727,0.3778,-0.2147,-0.396,0.4469,-0.2363,0.4624,-0.2286,-0.2772,-0.0418,DLBCL
-0.5122,-0.7644,-0.5801,-0.5258,0.124,0.21,-0.421,-0.2438,0.2879,-0.2682,-0.1817,-0.2269,0.0563,0.2605,0.4966,0.299,0.0585,0.6658,1.6516,-0.8983,0.5121,0.34,0.2733,-0.7362,-0.0546,-1.1894,-1.4083,-0.2048,-0.5194,0.8798,-0.4524,-0.7716,0.2871,0.377,-0.0646,0.3321,0.5074,0.0485,-0.8034,-0.2464,-0.3034,0.3532,-0.2818,-0.3366,-0.3366,0.1211,0.2028,0.1211,-0.1701,0.116,0.3612,-0.0646,0.3321,-0.8034,-0.4524,0.0485,0.8798,-0.2818,0.2871,-0.3034,-0.3366,0.5074,0.3108,0.2388,0.1211,-0.1701,0.34,-0.0546,-0.2048,0.377,-1.1894,0.0585,0.6658,0.2733,0.5121,-0.2464,-0.8983,-1.4083,-0.7716,-0.7362,0.1211,0.299,0.2605,0.4966,-0.2438,-0.1817,-0.5194,1.6516,0.2879,-0.2269,-0.421,-0.7644,0.21,-0.2682,0.0563,-0.5801,-0.5258,0.124,0.3532,-0.5122,DLBCL
-0.0446,-0.6509,0.1827,-0.4531,0.4687,-0.0689,0.2012,-0.308,-0.8014,-0.9566,0.8728,0.15,0.13,-0.9909,-0.5362,-0.0153,-0.1154,-1.2343,-0.0151,0.2025,-0.8578,0.168,-0.0507,0.2768,0.0469,-0.0199,0.2996,-0.7512,-1.2713,-0.7075,-0.445,0.2335,-0.2402,-0.8659,-0.4436,-0.3091,0.135,-0.2413,0.5125,-0.0265,-0.0523,0.1403,-0.442,-1.1841,-1.1841,0.1929,-1.1136,0.1929,0.8775,-0.3755,-0.7547,-0.4436,-0.3091,0.5125,-0.445,-0.2413,-0.7075,-0.442,-0.2402,-0.0523,-1.1841,0.135,-0.259,-0.7183,0.1929,0.8775,0.168,0.0469,-0.7512,-0.8659,-0.0199,-0.1154,-1.2343,-0.0507,-0.8578,-0.0265,0.2025,0.2996,0.2335,0.2768,0.1929,-0.0153,-0.9909,-0.5362,-0.308,0.8728,-1.2713,-0.0151,-0.8014,0.15,0.2012,-0.6509,-0.0689,-0.9566,0.13,0.1827,-0.4531,0.4687,0.1403,-0.0446,DLBCL
-0.2531,-0.2791,-0.2841,-0.1258,-0.5028,-0.0271,0.5077,0.1595,-0.025,-0.4919,-0.1407,-0.2083,-0.5554,0.2677,0.2568,-0.1887,-0.587,0.6416,0.3395,-0.3872,-0.5363,-0.0814,0.4931,0.1559,-0.0531,-0.1323,-0.1222,-0.1188,0.4473,-0.5125,-0.5469,-0.3226,-0.048,-0.507,-0.0646,-0.1337,-0.207,1.0177,-0.2536,-0.6474,-0.2834,-0.2199,-0.7586,0.3532,0.3532,-0.4333,0.0015,-0.4333,-0.1321,0.2821,0.1033,-0.0646,-0.1337,-0.2536,-0.5469,1.0177,-0.5125,-0.7586,-0.048,-0.2834,0.3532,-0.207,0.3701,0.2936,-0.4333,-0.1321,-0.0814,-0.0531,-0.1188,-0.507,-0.1323,-0.587,0.6416,0.4931,-0.5363,-0.6474,-0.3872,-0.1222,-0.3226,0.1559,-0.4333,-0.1887,0.2677,0.2568,0.1595,-0.1407,0.4473,0.3395,-0.025,-0.2083,0.5077,-0.2791,-0.0271,-0.4919,-0.5554,-0.2841,-0.1258,-0.5028,-0.2199,-0.2531,DLBCL
-0.3625,-0.7977,0.271,-0.6413,0.5847,-0.4163,0.4519,0.3753,-0.4132,-0.5116,0.2483,0.6837,0.587,0.3114,-0.3296,0.9113,-0.0458,0.0136,1.4034,0.5788,-0.4933,0.125,-0.745,-0.4237,0.1264,0.11,0.2371,-0.5185,-0.7733,-0.0453,-0.0242,0.3275,0.0509,-0.2007,0.1077,-0.0814,0.6252,-0.2186,-0.2356,0.1384,0.6897,0.1103,-0.6998,0.3329,0.3329,-0.2121,0.23,-0.2121,0.3205,-0.4984,-0.0828,0.1077,-0.0814,-0.2356,-0.0242,-0.2186,-0.0453,-0.6998,0.0509,0.6897,0.3329,0.6252,0.2778,-0.3177,-0.2121,0.3205,0.125,0.1264,-0.5185,-0.2007,0.11,-0.0458,0.0136,-0.745,-0.4933,0.1384,0.5788,0.2371,0.3275,-0.4237,-0.2121,0.9113,0.3114,-0.3296,0.3753,0.2483,-0.7733,1.4034,-0.4132,0.6837,0.4519,-0.7977,-0.4163,-0.5116,0.587,0.271,-0.6413,0.5847,0.1103,-0.3625,DLBCL
-0.4776,0.0202,0.078,0.2571,-0.2693,-0.1684,-0.1238,0.4138,-0.4016,-0.101,-0.3173,0.1594,-0.8723,-0.5981,-0.163,-0.4054,-0.1371,-0.2923,-0.4762,-0.6456,-0.4522,-0.2103,-0.3979,0.37,-0.162,0.4123,-0.0389,-0.8575,-0.4999,0.1898,0.1112,-0.3017,0.4244,1.646,-0.0991,-0.2423,-0.4502,-0.3002,0.1565,-0.1947,0.0854,0.3886,-0.5575,-0.3884,-0.3884,0.4686,-0.6621,0.4686,-0.129,-0.6246,-0.0221,-0.0991,-0.2423,0.1565,0.1112,-0.3002,0.1898,-0.5575,0.4244,0.0854,-0.3884,-0.4502,-0.7069,0.1671,0.4686,-0.129,-0.2103,-0.162,-0.8575,1.646,0.4123,-0.1371,-0.2923,-0.3979,-0.4522,-0.1947,-0.6456,-0.0389,-0.3017,0.37,0.4686,-0.4054,-0.5981,-0.163,0.4138,-0.3173,-0.4999,-0.4762,-0.4016,0.1594,-0.1238,0.0202,-0.1684,-0.101,-0.8723,0.078,0.2571,-0.2693,0.3886,-0.4776,DLBCL
0.668,0.4102,0.0908,-0.391,-0.2051,0.3279,0.5819,0.1313,-0.6334,2.0627,-0.5297,0.3908,0.0563,-0.4016,-0.4429,0.8354,0.8669,-0.9525,0.2508,0.5732,0.0599,-0.0298,0.1228,-0.3834,-0.2252,0.7714,-0.1925,0.4581,0.3204,-0.2279,0.6802,0.7113,1.2758,0.5345,0.6589,2.3589,-0.4464,0.6531,0.3818,0.4585,0.132,-0.5611,0.422,0.0624,0.0624,1.0058,0.5183,1.0058,0.8997,-0.0401,0.2333,0.6589,2.3589,0.3818,0.6802,0.6531,-0.2279,0.422,1.2758,0.132,0.0624,-0.4464,-1.1317,-0.1154,1.0058,0.8997,-0.0298,-0.2252,0.4581,0.5345,0.7714,0.8669,-0.9525,0.1228,0.0599,0.4585,0.5732,-0.1925,0.7113,-0.3834,1.0058,0.8354,-0.4016,-0.4429,0.1313,-0.5297,0.3204,0.2508,-0.6334,0.3908,0.5819,0.4102,0.3279,2.0627,0.0563,0.0908,-0.391,-0.2051,-0.5611,0.668,DLBCL
0.2818,-0.0007,-0.0139,-0.4852,-0.1205,0.4744,0.4984,-0.4262,-0.1177,-0.5116,-0.0358,0.1556,0.6828,-0.1797,0.0602,0.6566,0.1976,-0.5097,1.0488,0.5283,0.4654,0.4259,0.3658,-0.0911,-0.1075,0.0925,1.0806,-0.2655,-0.0507,-0.2217,0.2316,-0.6542,0.9242,0.2982,0.4005,-0.3287,0.6594,-0.7077,-0.168,0.7787,0.5275,0.0011,-0.1125,-0.3546,-0.3546,0.0636,0.0233,0.0636,0.1274,-0.3689,0.5641,0.4005,-0.3287,-0.168,0.2316,-0.7077,-0.2217,-0.1125,0.9242,0.5275,-0.3546,0.6594,0.0341,0.1966,0.0636,0.1274,0.4259,-0.1075,-0.2655,0.2982,0.0925,0.1976,-0.5097,0.3658,0.4654,0.7787,0.5283,1.0806,-0.6542,-0.0911,0.0636,0.6566,-0.1797,0.0602,-0.4262,-0.0358,-0.0507,1.0488,-0.1177,0.1556,0.4984,-0.0007,0.4744,-0.5116,0.6828,-0.0139,-0.4852,-0.1205,0.0011,0.2818,DLBCL
-0.0418,0.0384,-0.6076,-0.5985,-0.8052,0.0541,-0.4488,-0.4467,-0.2046,0.5481,-0.2712,0.4766,-1.7051,-0.4307,-0.0997,-0.6168,-0.1502,-0.4131,-0.8663,0.4497,0.2019,-0.8466,0.7593,0.9874,-0.2517,0.2429,-0.0753,1.3233,-0.3436,0.558,0.4133,0.834,0.6112,-1.0584,-1.081,-0.0578,-0.492,1.1603,0.6612,-0.3434,-1.5564,-0.0562,1.3647,0.6462,0.6462,0.7358,-1.2061,0.7358,0.4692,-0.319,-0.1282,-1.081,-0.0578,0.6612,0.4133,1.1603,0.558,1.3647,0.6112,-1.5564,0.6462,-0.492,0.2153,-0.1702,0.7358,0.4692,-0.8466,-0.2517,1.3233,-1.0584,0.2429,-0.1502,-0.4131,0.7593,0.2019,-0.3434,0.4497,-0.0753,0.834,0.9874,0.7358,-0.6168,-0.4307,-0.0997,-0.4467,-0.2712,-0.3436,-0.8663,-0.2046,0.4766,-0.4488,0.0384,0.0541,0.5481,-1.7051,-0.6076,-0.5985,-0.8052,-0.0562,-0.0418,DLBCL
0.1827,0.4664,-0.0397,0.5009,1.26,-0.1298,0.3869,0.0747,-0.4943,0.2531,-0.4606,-0.2643,-0.2532,0.1295,0.0069,-0.3133,0.3127,0.7866,0.0558,-0.2075,0.1608,-0.4597,-0.3285,0.1332,0.1514,-0.0126,0.198,0.4985,0.3399,-0.5373,-0.1613,-0.1059,1.2483,0.7446,0.1249,1.9088,0.1388,0.3814,0.3863,0.5911,0.7608,0.4678,1.0969,0.6665,0.6665,-0.4477,0.7848,-0.4477,0.349,0.3253,0.0538,0.1249,1.9088,0.3863,-0.1613,0.3814,-0.5373,1.0969,1.2483,0.7608,0.6665,0.1388,0.6138,0.0153,-0.4477,0.349,-0.4597,0.1514,0.4985,0.7446,-0.0126,0.3127,0.7866,-0.3285,0.1608,0.5911,-0.2075,0.198,-0.1059,0.1332,-0.4477,-0.3133,0.1295,0.0069,0.0747,-0.4606,0.3399,0.0558,-0.4943,-0.2643,0.3869,0.4664,-0.1298,0.2531,-0.2532,-0.0397,0.5009,1.26,0.4678,0.1827,DLBCL
1.1711,-1.2849,0.418,0.21,0.4295,0.8452,1.0555,-0.5803,-1.1664,0.3145,-0.5118,1.307,-0.3638,-2.0277,-0.876,0.8192,-0.1045,-2.0716,0.2686,1.3202,-1.2241,-0.1587,-0.2475,-0.5245,-0.8431,0.4459,-0.0597,0.5087,-1.4861,0.0599,1.963,1.0245,0.1388,-0.8483,0.9174,-0.2829,-0.625,-0.8368,-0.4654,0.5555,0.0454,-1.0577,-0.0857,-1.6597,-1.6597,0.8651,-1.6412,0.8651,0.8301,0.7404,0.2883,0.9174,-0.2829,-0.4654,1.963,-0.8368,0.0599,-0.0857,0.1388,0.0454,-1.6597,-0.625,0.2877,0.0786,0.8651,0.8301,-0.1587,-0.8431,0.5087,-0.8483,0.4459,-0.1045,-2.0716,-0.2475,-1.2241,0.5555,1.3202,-0.0597,1.0245,-0.5245,0.8651,0.8192,-2.0277,-0.876,-0.5803,-0.5118,-1.4861,0.2686,-1.1664,1.307,1.0555,-1.2849,0.8452,0.3145,-0.3638,0.418,0.21,0.4295,-1.0577,1.1711,DLBCL
0.0293,-0.0227,-0.2621,-0.2178,0.2587,0.0059,0.5541,0.6322,0.0156,-0.2559,-0.1817,0.0007,-0.408,0.5151,1.3729,-0.5192,-0.6413,-0.1232,-0.3166,-0.185,0.0131,-0.4855,-0.1202,-0.4539,0.1602,0.1042,1.1848,-0.0226,-0.5194,0.131,-0.2577,0.7609,-0.9103,0.7621,-0.1335,-0.2763,0.439,0.1006,-0.1319,0.0931,0.5075,-0.0016,-0.7227,0.4321,0.4321,-0.0111,1.0351,-0.0111,-0.0024,0.2489,-0.1215,-0.1335,-0.2763,-0.1319,-0.2577,0.1006,0.131,-0.7227,-0.9103,0.5075,0.4321,0.439,-0.4072,-0.0816,-0.0111,-0.0024,-0.4855,0.1602,-0.0226,0.7621,0.1042,-0.6413,-0.1232,-0.1202,0.0131,0.0931,-0.185,1.1848,0.7609,-0.4539,-0.0111,-0.5192,0.5151,1.3729,0.6322,-0.1817,-0.5194,-0.3166,0.0156,0.0007,0.5541,-0.0227,0.0059,-0.2559,-0.408,-0.2621,-0.2178,0.2587,-0.0016,0.0293,DLBCL
-0.341,0.2109,-0.0489,-0.5472,-0.343,-0.1393,0.1919,0.7118,0.2473,-0.3075,0.8191,-0.0832,-0.5038,0.7625,0.0335,-0.0912,-0.637,0.1183,-0.3875,-0.9039,-0.3382,-0.3135,0.0765,0.5363,1.6608,0.0078,-0.0154,0.6706,0.7208,-0.0206,-0.5877,0.1499,-0.8389,0.0794,1.193,-0.2711,0.1502,-0.1869,0.4088,-0.9094,-0.4967,0.1512,-0.5684,0.5606,0.5606,-0.238,1.1928,-0.238,-0.5025,-0.0799,-0.904,1.193,-0.2711,0.4088,-0.5877,-0.1869,-0.0206,-0.5684,-0.8389,-0.4967,0.5606,0.1502,-0.0515,0.1671,-0.238,-0.5025,-0.3135,1.6608,0.6706,0.0794,0.0078,-0.637,0.1183,0.0765,-0.3382,-0.9094,-0.9039,-0.0154,0.1499,0.5363,-0.238,-0.0912,0.7625,0.0335,0.7118,0.8191,0.7208,-0.3875,0.2473,-0.0832,0.1919,0.2109,-0.1393,-0.3075,-0.5038,-0.0489,-0.5472,-0.343,0.1512,-0.341,DLBCL
0.3173,0.1528,-0.1279,0.1181,-0.5373,-0.1887,-0.4674,0.4318,0.2763,-0.0961,-0.3967,-0.4154,-0.4301,0.1259,0.7099,-0.1778,-0.1806,0.7221,-0.0329,-0.1288,0.4561,-0.9842,0.6667,0.1861,0.272,-0.5251,0.2866,0.8629,0.418,-0.5125,0.0073,0.4763,-0.2292,-0.2357,-0.1507,-0.3352,0.192,1.3641,-0.1049,0.2839,0.9407,-0.3891,1.081,0.7499,0.7499,1.115,0.4204,1.115,-0.1733,0.0164,0.0033,-0.1507,-0.3352,-0.1049,0.0073,1.3641,-0.5125,1.081,-0.2292,0.9407,0.7499,0.192,-0.6509,-0.1154,1.115,-0.1733,-0.9842,0.272,0.8629,-0.2357,-0.5251,-0.1806,0.7221,0.6667,0.4561,0.2839,-0.1288,0.2866,0.4763,0.1861,1.115,-0.1778,0.1259,0.7099,0.4318,-0.3967,0.418,-0.0329,0.2763,-0.4154,-0.4674,0.1528,-0.1887,-0.0961,-0.4301,-0.1279,0.1181,-0.5373,-0.3891,0.3173,DLBCL
0.4913,-0.6052,0.6955,-0.3632,-0.1612,0.636,-0.5881,-1.6079,-0.5639,0.1916,-0.5579,1.9191,1.1545,-0.1542,0.44,3.0895,0.1172,-1.4195,1.3147,0.3317,-0.6709,0.3056,-0.4442,-1.1318,-0.9167,-0.839,-2.0956,-1.0346,0.3887,2.9158,2.2077,-1.2468,0.5398,0.2632,-1.4773,-0.0905,1.7235,-0.2753,-2.9889,0.9468,-1.272,1.0136,0.0527,-0.1833,-0.1833,-1.433,-0.4391,-1.433,0.5769,0.3784,0.9556,-1.4773,-0.0905,-2.9889,2.2077,-0.2753,2.9158,0.0527,0.5398,-1.272,-0.1833,1.7235,0.7916,0.9049,-1.433,0.5769,0.3056,-0.9167,-1.0346,0.2632,-0.839,0.1172,-1.4195,-0.4442,-0.6709,0.9468,0.3317,-2.0956,-1.2468,-1.1318,-1.433,3.0895,-0.1542,0.44,-1.6079,-0.5579,0.3887,1.3147,-0.5639,1.9191,-0.5881,-0.6052,0.636,0.1916,1.1545,0.6955,-0.3632,-0.1612,1.0136,0.4913,DLBCL
-0.5589,-0.1094,-0.2437,-0.6028,0.124,-0.6433,0.0526,0.2032,0.5254,-0.31,0.7064,-0.7009,-0.5996,0.4714,-0.2796,0.0768,-0.6978,0.0297,-0.1215,-0.522,-0.1308,0.3486,0.2385,-0.0331,0.3014,-0.3791,0.6328,-0.564,0.1544,-0.2155,-0.5766,-0.119,-1.3113,0.9196,0.3316,-0.3195,0.6404,-0.7621,0.0078,-0.4987,0.1543,0.1649,-0.4828,-0.2374,-0.2374,-0.5224,0.7304,-0.5224,-0.5341,-0.0201,-0.4519,0.3316,-0.3195,0.0078,-0.5766,-0.7621,-0.2155,-0.4828,-1.3113,0.1543,-0.2374,0.6404,0.1823,-0.187,-0.5224,-0.5341,0.3486,0.3014,-0.564,0.9196,-0.3791,-0.6978,0.0297,0.2385,-0.1308,-0.4987,-0.522,0.6328,-0.119,-0.0331,-0.5224,0.0768,0.4714,-0.2796,0.2032,0.7064,0.1544,-0.1215,0.5254,-0.7009,0.0526,-0.1094,-0.6433,-0.31,-0.5996,-0.2437,-0.6028,0.124,0.1649,-0.5589,DLBCL
-0.7179,0.3768,-0.2547,0.3983,-0.1393,-0.4841,0.4241,0.216,-0.2568,-0.5411,0.3609,0.1202,-0.9976,-0.7181,0.0036,-0.8227,0.1737,0.2552,-0.2634,-0.3142,0.3103,-0.3221,-0.4789,-0.1339,-0.2032,-0.0958,0.2085,-0.7462,-0.0214,0.3136,-0.521,-0.4061,-0.5753,-0.5158,-0.3747,-0.135,-0.5832,0.1278,0.7378,-0.0944,-0.4189,-0.1135,0.5634,-0.0052,-0.0052,-0.3644,-0.7002,-0.3644,-0.1037,-0.4552,0.1818,-0.3747,-0.135,0.7378,-0.521,0.1278,0.3136,0.5634,-0.5753,-0.4189,-0.0052,-0.5832,0.0407,-2.5817,-0.3644,-0.1037,-0.3221,-0.2032,-0.7462,-0.5158,-0.0958,0.1737,0.2552,-0.4789,0.3103,-0.0944,-0.3142,0.2085,-0.4061,-0.1339,-0.3644,-0.8227,-0.7181,0.0036,0.216,0.3609,-0.0214,-0.2634,-0.2568,0.1202,0.4241,0.3768,-0.4841,-0.5411,-0.9976,-0.2547,0.3983,-0.1393,-0.1135,-0.7179,DLBCL
-0.9105,0.4798,-0.251,-0.7675,0.2274,0.0179,-0.2445,0.2366,0.0503,0.8014,1.162,-0.2867,-0.7249,-0.3616,-0.2363,-0.9039,-0.587,-0.6546,-0.6535,-0.0839,-0.4709,-0.3909,-0.745,0.5237,0.5927,0.1057,0.5079,-0.3363,0.4669,0.1341,-0.4023,0.0455,0.0949,0.9284,-0.2197,0.0783,-0.815,0.4289,0.5756,-0.9773,-0.3589,-0.4519,0.1881,-0.0661,-0.0661,-0.1863,-0.1399,-0.1863,-0.0182,-0.3921,-0.9525,-0.2197,0.0783,0.5756,-0.4023,0.4289,0.1341,0.1881,0.0949,-0.3589,-0.0661,-0.815,-1.135,-0.4231,-0.1863,-0.0182,-0.3909,0.5927,-0.3363,0.9284,0.1057,-0.587,-0.6546,-0.745,-0.4709,-0.9773,-0.0839,0.5079,0.0455,0.5237,-0.1863,-0.9039,-0.3616,-0.2363,0.2366,1.162,0.4669,-0.6535,0.0503,-0.2867,-0.2445,0.4798,0.0179,0.8014,-0.7249,-0.251,-0.7675,0.2274,-0.4519,-0.9105,DLBCL
0.1097,-0.3916,0.4823,-0.1408,0.5564,-0.0854,-1.2474,-0.2746,-0.5349,-0.0543,0.6527,0.0007,-0.5333,-1.1983,-0.3429,-0.3079,-0.1588,-0.6143,0.3572,-0.3198,-1.3811,-0.2017,-0.3748,0.1559,-0.0972,0.5466,0.2814,-0.9233,-2.2088,0.0135,0.3373,-0.025,0.4299,-0.577,-0.4608,-0.3365,0.3364,-0.8006,0.2061,-0.1818,-0.2945,0.2495,-0.3395,-0.58,-0.58,0.3767,-0.7056,0.3767,0.6465,0.2422,-0.4473,-0.4608,-0.3365,0.2061,0.3373,-0.8006,0.0135,-0.3395,0.4299,-0.2945,-0.58,0.3364,-0.6245,-1.1019,0.3767,0.6465,-0.2017,-0.0972,-0.9233,-0.577,0.5466,-0.1588,-0.6143,-0.3748,-1.3811,-0.1818,-0.3198,0.2814,-0.025,0.1559,0.3767,-0.3079,-1.1983,-0.3429,-0.2746,0.6527,-2.2088,0.3572,-0.5349,0.0007,-1.2474,-0.3916,-0.0854,-0.0543,-0.5333,0.4823,-0.1408,0.5564,0.2495,0.1097,DLBCL
0.0704,-0.4154,-0.4091,-0.5001,-0.2552,0.4471,0.1548,0.6193,0.8035,-0.5116,0.3891,-0.0963,-0.4227,1.6064,-0.3329,-0.3729,-0.8108,0.3598,-0.2811,-0.6006,-0.6354,-0.4769,-0.1896,0.5338,0.1838,-0.1031,0.1173,0.1747,0.7012,0.6663,-0.8435,0.4632,-0.5478,-0.0169,-0.0302,-0.3261,0.2148,0.515,0.4269,0.1319,-0.0435,0.1976,0.9337,0.0173,0.0173,0.2331,0.0886,0.2331,-0.5468,-0.1663,-1.1941,-0.0302,-0.3261,0.4269,-0.8435,0.515,0.6663,0.9337,-0.5478,-0.0435,0.0173,0.2148,-0.147,0.0364,0.2331,-0.5468,-0.4769,0.1838,0.1747,-0.0169,-0.1031,-0.8108,0.3598,-0.1896,-0.6354,0.1319,-0.6006,0.1173,0.4632,0.5338,0.2331,-0.3729,1.6064,-0.3329,0.6193,0.3891,0.7012,-0.2811,0.8035,-0.0963,0.1548,-0.4154,0.4471,-0.5116,-0.4227,-0.4091,-0.5001,-0.2552,0.1976,0.0704,DLBCL
-0.5916,0.251,-0.3448,0.0924,-0.2505,-0.1678,0.1734,0.085,0.0445,-0.8804,0.517,-0.5349,-0.268,0.064,-0.263,-0.2916,-0.7587,-0.1715,-0.6003,-0.3254,-0.1252,0.1852,-0.2938,-0.2423,0.2014,-0.7222,0.2215,-0.3009,0.1251,-0.1536,-0.8175,-0.1398,-0.6027,-0.2269,0.2283,-0.2253,0.2908,-0.2843,-0.2266,-0.7024,-0.3323,-0.1708,0.5216,0.4997,0.4997,-0.4276,0.4421,-0.4276,-0.4898,0.4515,-0.4065,0.2283,-0.2253,-0.2266,-0.8175,-0.2843,-0.1536,0.5216,-0.6027,-0.3323,0.4997,0.2908,-0.5093,-0.4779,-0.4276,-0.4898,0.1852,0.2014,-0.3009,-0.2269,-0.7222,-0.7587,-0.1715,-0.2938,-0.1252,-0.7024,-0.3254,0.2215,-0.1398,-0.2423,-0.4276,-0.2916,0.064,-0.263,0.085,0.517,0.1251,-0.6003,0.0445,-0.5349,0.1734,0.251,-0.1678,-0.8804,-0.268,-0.3448,0.0924,-0.2505,-0.1708,-0.5916,DLBCL
0.1574,1.0499,-0.9017,1.3651,-0.8021,-0.2249,0.3219,-1.1018,-0.5291,2.5716,-2.4902,0.7677,0.727,0.8643,-0.5428,0.5428,2.1643,-0.5338,0.3927,1.0001,1.198,1.0364,-0.0276,-1.8171,-0.7004,1.1773,1.2993,0.6655,0.6329,0.6261,0.7711,-2.761,1.133,0.0794,-0.6848,0.4041,-0.929,0.1006,1.941,1.1053,0.3342,-1.6363,0.5166,3.3061,3.3061,-0.847,0.4748,-0.847,1.9157,0.4349,2.0526,-0.6848,0.4041,1.941,0.7711,0.1006,0.6261,0.5166,1.133,0.3342,3.3061,-0.929,1.4272,1.8577,-0.847,1.9157,1.0364,-0.7004,0.6655,0.0794,1.1773,2.1643,-0.5338,-0.0276,1.198,1.1053,1.0001,1.2993,-2.761,-1.8171,-0.847,0.5428,0.8643,-0.5428,-1.1018,-2.4902,0.6329,0.3927,-0.5291,0.7677,0.3219,1.0499,-0.2249,2.5716,0.727,-0.9017,1.3651,-0.8021,-1.6363,0.1574,DLBCL
-0.0334,0.0584,-0.5212,-0.4552,0.3418,-0.3199,0.7491,0.6553,-0.2684,-0.3296,0.0282,-0.2325,0.4175,-0.4635,-0.6528,0.0497,-0.1393,-0.0186,0.8005,-0.1008,0.1552,0.4947,0.4121,-0.139,-0.1046,-0.1615,-0.7757,-0.3414,0.0763,-0.9117,0.1315,-0.3356,-0.4654,1.1909,0.2627,-0.2096,0.648,-0.153,-0.4924,-0.2626,0.0454,-0.1817,0.0218,-0.7806,-0.7806,-0.3098,-0.178,-0.3098,0.3711,-0.2892,-0.1899,0.2627,-0.2096,-0.4924,0.1315,-0.153,-0.9117,0.0218,-0.4654,0.0454,-0.7806,0.648,0.5742,-0.0184,-0.3098,0.3711,0.4947,-0.1046,-0.3414,1.1909,-0.1615,-0.1393,-0.0186,0.4121,0.1552,-0.2626,-0.1008,-0.7757,-0.3356,-0.139,-0.3098,0.0497,-0.4635,-0.6528,0.6553,0.0282,0.0763,0.8005,-0.2684,-0.2325,0.7491,0.0584,-0.3199,-0.3296,0.4175,-0.5212,-0.4552,0.3418,-0.1817,-0.0334,DLBCL
-0.5037,0.1804,-0.3191,0.0047,-0.3931,-0.2407,0.2662,-0.1667,-0.0656,0.2162,0.1766,0.0978,0.0711,-0.4816,-0.3296,0.0714,-0.5,0.1505,-0.0151,-0.2973,-0.084,0.0562,0.6204,-0.5421,-0.4959,-0.4506,-1.3901,-0.3718,0.4571,-0.5713,-0.6173,-0.5784,0.0344,1.0684,1.0035,-0.2881,0.5568,-0.1349,-0.2716,-0.3823,-0.3745,-0.31,0.3314,-0.2284,-0.2284,0.0148,0.7141,0.0148,-0.3284,-0.3722,-0.1888,1.0035,-0.2881,-0.2716,-0.6173,-0.1349,-0.5713,0.3314,0.0344,-0.3745,-0.2284,0.5568,0.3602,0.6309,0.0148,-0.3284,0.0562,-0.4959,-0.3718,1.0684,-0.4506,-0.5,0.1505,0.6204,-0.084,-0.3823,-0.2973,-1.3901,-0.5784,-0.5421,0.0148,0.0714,-0.4816,-0.3296,-0.1667,0.1766,0.4571,-0.0151,-0.0656,0.0978,0.2662,0.1804,-0.2407,0.2162,0.0711,-0.3191,0.0047,-0.3931,-0.31,-0.5037,DLBCL
-0.8759,-0.1247,-0.2308,-0.2285,-0.2255,-0.2921,-0.2445,0.5628,0.3053,-0.5411,0.9803,-0.2979,-0.2827,0.2168,-0.203,-0.5301,-0.6239,-0.2279,-0.884,-1.0837,-0.4429,-0.9584,-0.421,0.2944,1.112,-0.9499,-0.1014,-0.3566,-0.0507,-0.5868,-0.9232,-0.1372,-1.2234,-0.3582,0.211,-0.279,-0.3134,-0.7689,0.1565,-0.9611,-0.5944,0.2713,-0.7397,-0.0954,-0.0954,-0.1777,0.0015,-0.1777,-0.5246,-0.6545,-0.8225,0.211,-0.279,0.1565,-0.9232,-0.7689,-0.5868,-0.7397,-1.2234,-0.5944,-0.0954,-0.3134,-0.147,-0.655,-0.1777,-0.5246,-0.9584,1.112,-0.3566,-0.3582,-0.9499,-0.6239,-0.2279,-0.421,-0.4429,-0.9611,-1.0837,-0.1014,-0.1372,0.2944,-0.1777,-0.5301,0.2168,-0.203,0.5628,0.9803,-0.0507,-0.884,0.3053,-0.2979,-0.2445,-0.1247,-0.2921,-0.5411,-0.2827,-0.2308,-0.2285,-0.2255,0.2713,-0.8759,DLBCL
-0.1166,-0.2391,-0.093,-0.7012,-0.0829,-0.2001,0.3962,0.4472,0.0619,-0.2534,0.2253,-0.268,-0.4743,0.366,-0.0564,0.3478,-0.2175,0.1988,-0.4762,0.1969,0.1178,0.254,0.227,0.3499,0.2485,-0.3499,-0.143,-0.7563,0.545,-0.1258,-0.4097,0.3666,0.4519,0.2019,0.7968,-0.1913,0.3136,-0.2753,0.3367,-0.4275,0.1343,0.3504,-0.4639,-0.5597,-0.5597,-0.2581,0.5673,-0.2581,-0.4044,-0.3058,-0.2459,0.7968,-0.1913,0.3367,-0.4097,-0.2753,-0.1258,-0.4639,0.4519,0.1343,-0.5597,0.3136,-0.9473,-0.2081,-0.2581,-0.4044,0.254,0.2485,-0.7563,0.2019,-0.3499,-0.2175,0.1988,0.227,0.1178,-0.4275,0.1969,-0.143,0.3666,0.3499,-0.2581,0.3478,0.366,-0.0564,0.4472,0.2253,0.545,-0.4762,0.0619,-0.268,0.3962,-0.2391,-0.2001,-0.2534,-0.4743,-0.093,-0.7012,-0.0829,0.3504,-0.1166,DLBCL
-0.0287,-0.3859,-0.7234,0.302,0.2509,-0.4429,0.0898,-0.0126,0.0619,-0.7132,0.1203,0.0959,0.8818,0.9916,0.1468,0.2069,-0.0915,-0.1635,0.2863,-0.7523,0.1589,0.7613,-0.3979,-0.3935,0.094,-0.5586,0.8671,0.4176,0.0665,-0.7075,-0.571,0.364,-0.5972,0.482,0.7451,0.8241,0.4428,-0.7213,-0.4519,-0.6183,-0.7677,-2.0074,0.1732,0.1954,0.1954,-0.3615,0.0994,-0.3615,0.0736,-0.2559,0.2858,0.7451,0.8241,-0.4519,-0.571,-0.7213,-0.7075,0.1732,-0.5972,-0.7677,0.1954,0.4428,0.0605,-0.1407,-0.3615,0.0736,0.7613,0.094,0.4176,0.482,-0.5586,-0.0915,-0.1635,-0.3979,0.1589,-0.6183,-0.7523,0.8671,0.364,-0.3935,-0.3615,0.2069,0.9916,0.1468,-0.0126,0.1203,0.0665,0.2863,0.0619,0.0959,0.0898,-0.3859,-0.4429,-0.7132,0.8818,-0.7234,0.302,0.2509,-2.0074,-0.0287,DLBCL
1.0654,-0.1218,0.7084,0.6485,-0.3916,1.7359,0.1826,0.5346,0.1256,0.8948,-0.1791,0.2153,0.2995,-0.0524,1.0664,0.299,0.6083,0.4082,0.304,-0.1008,2.0839,-0.5714,0.0997,-0.1868,-1.2285,0.1582,-0.5882,0.7667,-0.2167,-1.6883,0.4226,0.0586,0.6606,-0.8746,0.0732,-0.1089,-0.511,1.5769,0.7378,0.2354,0.9229,-0.8367,0.7714,0.7905,0.7905,1.1322,0.1266,1.1322,0.3458,1.7966,0.5605,0.0732,-0.1089,0.7378,0.4226,1.5769,-1.6883,0.7714,0.6606,0.9229,0.7905,-0.511,-1.3655,0.2641,1.1322,0.3458,-0.5714,-1.2285,0.7667,-0.8746,0.1582,0.6083,0.4082,0.0997,2.0839,0.2354,-0.1008,-0.5882,0.0586,-0.1868,1.1322,0.299,-0.0524,1.0664,0.5346,-0.1791,-0.2167,0.304,0.1256,0.2153,0.1826,-0.1218,1.7359,0.8948,0.2995,0.7084,0.6485,-0.3916,-0.8367,1.0654,DLBCL
0.0779,0.0584,0.2342,-0.4488,-0.2944,-0.2153,-0.0309,0.3804,0.1314,0.076,-0.087,-0.0907,-0.0395,0.5333,-0.193,0.1473,-0.5044,0.1666,-0.1038,-0.6119,-0.4391,-0.2103,-0.0739,0.0954,-0.1958,-0.8317,0.2996,-0.1238,0.6622,-0.2867,-0.3393,0.103,0.0729,0.377,1.1585,-0.3182,0.021,-0.2254,0.0033,0.4488,-0.1034,-0.239,-0.5754,0.1278,0.1278,0.1096,0.2898,0.1096,-0.2746,0.1924,-0.3642,1.1585,-0.3182,0.0033,-0.3393,-0.2254,-0.2867,-0.5754,0.0729,-0.1034,0.1278,0.021,-0.6509,-0.0943,0.1096,-0.2746,-0.2103,-0.1958,-0.1238,0.377,-0.8317,-0.5044,0.1666,-0.0739,-0.4391,0.4488,-0.6119,0.2996,0.103,0.0954,0.1096,0.1473,0.5333,-0.193,0.3804,-0.087,0.6622,-0.1038,0.1314,-0.0907,-0.0309,0.0584,-0.2153,0.076,-0.0395,0.2342,-0.4488,-0.2944,-0.239,0.0779,DLBCL
0.1583,-0.1094,0.5632,0.6036,-0.0061,-0.0258,-0.0774,0.216,0.0387,-0.3862,0.1203,-0.1,0.248,0.3732,-0.0764,0.8679,0.3823,0.1264,-0.0151,0.5676,-1.1717,0.0132,0.2617,-0.1944,-0.1811,1.4766,-0.3226,-0.392,0.3595,-0.4878,0.5134,0.9462,0.0564,0.4207,0.3833,-0.1455,0.3744,-0.8142,-0.5781,0.0511,-0.059,0.4077,-0.3574,-0.2667,-0.2667,-0.0283,0.1103,-0.0283,-0.1416,-0.7873,0.3576,0.3833,-0.1455,-0.5781,0.5134,-0.8142,-0.4878,-0.3574,0.0564,-0.059,-0.2667,0.3744,0.6862,-0.1069,-0.0283,-0.1416,0.0132,-0.1811,-0.392,0.4207,1.4766,0.3823,0.1264,0.2617,-1.1717,0.0511,0.5676,-0.3226,0.9462,-0.1944,-0.0283,0.8679,0.3732,-0.0764,0.216,0.1203,0.3595,-0.0151,0.0387,-0.1,-0.0774,-0.1094,-0.0258,-0.3862,0.248,0.5632,0.6036,-0.0061,0.4077,0.1583,DLBCL
0.2575,-0.1371,0.2581,-0.2648,-0.144,0.056,-0.0031,0.7298,0.143,0.8087,0.8984,-0.6468,-0.0763,0.4205,-0.5029,-0.3025,-0.487,0.3518,-0.2457,-0.3367,-0.3924,-0.3995,0.0881,0.3776,0.5721,0.2852,0.7578,0.9337,0.1446,-0.1784,-0.1169,-0.3826,-0.3226,0.4645,-0.0474,-0.3719,0.1616,-0.2639,0.4539,-0.3402,-0.2101,0.0884,-0.4181,-0.0187,-0.0187,0.1326,0.7413,0.1326,-0.3157,-0.5216,-0.8755,-0.0474,-0.3719,0.4539,-0.1169,-0.2639,-0.1784,-0.4181,-0.3226,-0.2101,-0.0187,0.1616,-0.3742,1.4909,0.1326,-0.3157,-0.3995,0.5721,0.9337,0.4645,0.2852,-0.487,0.3518,0.0881,-0.3924,-0.3402,-0.3367,0.7578,-0.3826,0.3776,0.1326,-0.3025,0.4205,-0.5029,0.7298,0.8984,0.1446,-0.2457,0.143,-0.6468,-0.0031,-0.1371,0.056,0.8087,-0.0763,0.2581,-0.2648,-0.144,0.0884,0.2575,DLBCL
-0.1175,-0.0265,0.2507,-0.5771,0.2869,-0.3573,0.1083,0.3368,0.1198,-0.3591,0.2202,0.4281,-0.15,0.2641,-0.1897,0.5753,-0.0545,-0.0427,0.5168,-0.2524,-0.3737,0.3142,0.0418,-0.2398,0.1426,0.0677,0.8906,-0.2351,0.2716,-0.2341,-0.1465,-0.2208,0.5562,-0.4107,0.7968,-0.2031,0.1768,-0.3454,-0.222,-0.4405,0.2876,0.1785,-0.6043,0.0173,0.0173,0.1383,0.3605,0.1383,0.3015,-0.2958,-0.3647,0.7968,-0.2031,-0.222,-0.1465,-0.3454,-0.2341,-0.6043,0.5562,0.2876,0.0173,0.1768,0.2252,-0.2756,0.1383,0.3015,0.3142,0.1426,-0.2351,-0.4107,0.0677,-0.0545,-0.0427,0.0418,-0.3737,-0.4405,-0.2524,0.8906,-0.2208,-0.2398,0.1383,0.5753,0.2641,-0.1897,0.3368,0.2202,0.2716,0.5168,0.1198,0.4281,0.1083,-0.0265,-0.3573,-0.3591,-0.15,0.2507,-0.5771,0.2869,0.1785,-0.1175,DLBCL
-0.2737,-0.1952,0.4989,-0.1301,-0.0077,-0.0708,-0.1888,0.6887,0.3864,-0.5558,1.0648,-0.2269,-0.349,0.3296,-0.2963,0.1039,-0.5,0.4082,-0.0329,-0.8028,-0.0897,-0.047,-0.3285,0.4683,0.8046,0.0735,0.7995,-0.4072,0.0763,-1.0076,-0.3133,-0.4714,0.1553,0.7708,0.7278,-0.3823,0.1882,-0.4949,0.49,-0.3014,0.0276,-0.3537,-0.5694,-0.1021,-0.1021,-0.3586,0.4367,-0.3586,-0.148,-0.3224,-0.9764,0.7278,-0.3823,0.49,-0.3133,-0.4949,-1.0076,-0.5694,0.1553,0.0276,-0.1021,0.1882,-1.2437,0.1798,-0.3586,-0.148,-0.047,0.8046,-0.4072,0.7708,0.0735,-0.5,0.4082,-0.3285,-0.0897,-0.3014,-0.8028,0.7995,-0.4714,0.4683,-0.3586,0.1039,0.3296,-0.2963,0.6887,1.0648,0.0763,-0.0329,0.3864,-0.2269,-0.1888,-0.1952,-0.0708,-0.5558,-0.349,0.4989,-0.1301,-0.0077,-0.3537,-0.2737,DLBCL
0.0583,0.1833,-0.4496,0.1908,-0.3211,-0.2166,0.4427,-0.3748,0.0851,-0.042,0.1997,-0.2624,-0.1795,-0.6563,-0.1863,-0.1995,0.1693,-0.4453,0.109,0.6069,0.1159,-0.4167,-0.178,-0.0407,0.3353,-0.1936,-0.2107,-0.8018,0.3204,0.0692,-0.2818,-0.1372,0.4024,1.2522,0.0732,-0.2423,0.4922,-0.4451,-0.213,-0.3661,0.563,0.304,0.8232,0.1864,0.1864,-0.1116,-0.0148,-0.1116,-0.6133,0.4515,0.3077,0.0732,-0.2423,-0.213,-0.2818,-0.4451,0.0692,0.8232,0.4024,0.563,0.1864,0.4922,0.0835,-0.2756,-0.1116,-0.6133,-0.4167,0.3353,-0.8018,1.2522,-0.1936,0.1693,-0.4453,-0.178,0.1159,-0.3661,0.6069,-0.2107,-0.1372,-0.0407,-0.1116,-0.1995,-0.6563,-0.1863,-0.3748,0.1997,0.3204,0.109,0.0851,-0.2624,0.4427,0.1833,-0.2166,-0.042,-0.1795,-0.4496,0.1908,-0.3211,0.304,0.0583,DLBCL
0.0284,0.1442,0.1019,0.4967,-0.1095,0.2183,0.1548,-0.0794,-0.1467,0.2457,-0.1484,0.3534,0.1521,-0.2888,0.1535,0.0768,0.6757,0.4082,0.0912,0.3823,0.557,-0.0642,0.2733,-0.3279,0.0587,0.0458,-0.2029,-0.1694,0.1153,-0.101,0.1334,-0.4688,0.0564,-0.1832,-0.3575,-0.2384,0.344,-0.273,0.1565,0.0381,-0.2834,-0.3264,-0.6381,0.4524,0.4524,-0.6287,0.2463,-0.6287,0.5357,-0.153,0.5697,-0.3575,-0.2384,0.1565,0.1334,-0.273,-0.101,-0.6381,0.0564,-0.2834,0.4524,0.344,0.8608,1.0482,-0.6287,0.5357,-0.0642,0.0587,-0.1694,-0.1832,0.0458,0.6757,0.4082,0.2733,0.557,0.0381,0.3823,-0.2029,-0.4688,-0.3279,-0.6287,0.0768,-0.2888,0.1535,-0.0794,-0.1484,0.1153,0.0912,-0.1467,0.3534,0.1548,0.1442,0.2183,0.2457,0.1521,0.1019,0.4967,-0.1095,-0.3264,0.0284,FL
0.1144,-0.2343,0.8959,-0.3953,0.2305,-0.2312,1.0648,0.663,-0.1003,-0.8042,0.1664,0.8648,0.248,0.868,-0.7161,1.4477,-0.2371,0.0217,0.9424,-0.6006,-1.8969,6.8917,-0.1202,0.0878,0.1102,0.0064,0.9973,-0.5185,0.3399,-0.3764,0.1612,-0.1085,-0.6522,2.5388,0.8484,-0.1625,0.0628,-0.8911,-1.0422,-0.1235,-0.5744,-0.0835,-0.6809,0.2517,0.2517,-0.261,0.3932,-0.261,0.7573,0.7471,-0.5131,0.8484,-0.1625,-1.0422,0.1612,-0.8911,-0.3764,-0.6809,-0.6522,-0.5744,0.2517,0.0628,0.6335,-0.4653,-0.261,0.7573,6.8917,0.1102,-0.5185,2.5388,0.0064,-0.2371,0.0217,-0.1202,-1.8969,-0.1235,-0.6006,0.9973,-0.1085,0.0878,-0.261,1.4477,0.868,-0.7161,0.663,0.1664,0.3399,0.9424,-0.1003,0.8648,1.0648,-0.2343,-0.2312,-0.8042,0.248,0.8959,-0.3953,0.2305,-0.0835,0.1144,FL
0.2313,0.2328,-0.1628,0.0218,6.1615,-0.2819,0.3126,-0.6214,-1.2707,-0.1034,-1.3027,0.652,-1.9189,-2.8571,-0.9093,-2.8329,0.9973,-0.1876,-1.611,0.4384,-1.5736,-2.4286,0.8518,0.2365,-0.2826,0.4824,-1.2339,0.0179,-1.7986,-1.4006,0.9138,1.4005,0.4079,-1.1022,-5.5601,-0.3876,2.3999,0.087,-0.1905,0.9662,0.0965,0.4596,-0.7456,-1.4208,-1.4208,0.4399,-1.7337,0.4399,0.7383,-0.9899,0.1288,-5.5601,-0.3876,-0.1905,0.9138,0.087,-1.4006,-0.7456,0.4079,0.0965,-1.4208,2.3999,0.2153,0.8417,0.4399,0.7383,-2.4286,-0.2826,0.0179,-1.1022,0.4824,0.9973,-0.1876,0.8518,-1.5736,0.9662,0.4384,-1.2339,1.4005,0.2365,0.4399,-2.8329,-2.8571,-0.9093,-0.6214,-1.3027,-1.7986,-1.611,-1.2707,0.652,0.3126,0.2328,-0.2819,-0.1034,-1.9189,-0.1628,0.0218,6.1615,0.4596,0.2313,FL
-1.1733,-1.0113,-0.8888,0.8817,0.6677,-0.7992,-0.7831,-0.5084,-1.9197,-1.2074,-0.5272,-0.0627,0.8007,-3.1408,-1.1392,-0.7631,0.0759,-1.4839,-0.0861,5.2574,1.1644,0.9074,-1.4625,-0.9907,-0.5562,-0.6944,0.2267,-0.6602,-1.2615,-0.5497,1.431,-1.3591,3.385,-1.6098,-2.0285,-0.4739,0.724,-0.9885,-0.8214,1.6615,-0.8521,0.1403,-1.1836,-0.8167,-0.8167,0.0722,-2.1906,0.0722,-0.398,0.1659,0.638,-2.0285,-0.4739,-0.8214,1.431,-0.9885,-0.5497,-1.1836,3.385,-0.8521,-0.8167,0.724,0.9135,0.9133,0.0722,-0.398,0.9074,-0.5562,-0.6602,-1.6098,-0.6944,0.0759,-1.4839,-1.4625,1.1644,1.6615,5.2574,0.2267,-1.3591,-0.9907,0.0722,-0.7631,-3.1408,-1.1392,-0.5084,-0.5272,-1.2615,-0.0861,-1.9197,-0.0627,-0.7831,-1.0113,-0.7992,-1.2074,0.8007,-0.8888,0.8817,0.6677,0.1403,-1.1733,FL
-0.1615,-0.3764,0.3187,-0.1386,0.4013,-0.0074,-0.1702,0.4524,-0.5175,0.2629,0.5222,0.3609,-0.5849,0.9043,-0.4462,0.5211,-0.2545,-0.3245,-0.0683,-0.0895,-1.2951,-0.3565,-0.3169,-0.1213,0.3162,0.3028,0.4272,-0.4325,0.2618,-0.0763,-0.4301,0.4397,-0.5533,0.8058,0.3661,-0.0382,-0.2184,-0.6489,-0.5465,-0.7347,0.1298,-0.0316,-0.4301,-0.1923,-0.1923,0.19,0.0614,0.19,0.4186,0.0961,-0.587,0.3661,-0.0382,-0.5465,-0.4301,-0.6489,-0.0763,-0.4301,-0.5533,0.1298,-0.1923,-0.2184,0.4787,-0.0943,0.19,0.4186,-0.3565,0.3162,-0.4325,0.8058,0.3028,-0.2545,-0.3245,-0.3169,-1.2951,-0.7347,-0.0895,0.4272,0.4397,-0.1213,0.19,0.5211,0.9043,-0.4462,0.4524,0.5222,0.2618,-0.0683,-0.5175,0.3609,-0.1702,-0.3764,-0.0074,0.2629,-0.5849,0.3187,-0.1386,0.4013,-0.0316,-0.1615,FL
7.8257,7.875,7.7683,7.4358,-5.0141,7.9003,-7.7571,-7.5188,7.5942,6.7834,-6.7875,-7.6505,6.7705,-4.0539,7.5498,-5.4664,7.3084,7.1389,-5.5297,4.4543,6.4159,-1.0615,7.2395,7.622,-7.3132,7.0145,-6.105,7.0815,-6.3589,6.7401,6.701,6.4836,-5.7604,-5.3732,1.4169,-0.5223,-6.7128,6.649,-4.7599,6.9261,7.33,7.2684,6.4852,-6.5579,-6.5579,7.4087,-6.2867,7.4087,-7.507,7.0872,6.9373,1.4169,-0.5223,-4.7599,6.701,6.649,6.7401,6.4852,-5.7604,7.33,-6.5579,-6.7128,-6.7337,-6.3593,7.4087,-7.507,-1.0615,-7.3132,7.0815,-5.3732,7.0145,7.3084,7.1389,7.2395,6.4159,6.9261,4.4543,-6.105,6.4836,7.622,7.4087,-5.4664,-4.0539,7.5498,-7.5188,-6.7875,-6.3589,-5.5297,7.5942,-7.6505,-7.7571,7.875,7.9003,6.7834,6.7705,7.7683,7.4358,-5.0141,7.2684,7.8257,FL
-0.1624,-0.2982,0.0927,0.3555,-0.401,-0.0898,0.5355,0.1236,-0.0772,-0.3493,0.0436,0.0866,0.0195,0.7843,-0.4829,0.3694,-0.4196,0.5289,0.9778,-1.0219,0.3439,0.3743,-0.9881,-0.1566,0.1087,-0.7704,-1.3094,-0.5337,0.6915,-0.2062,-0.6377,0.5285,-0.2072,0.4295,0.4867,-0.3391,0.2262,-0.744,-0.7132,0.0575,-0.059,0.2822,-0.7964,0.0399,0.0399,-0.6603,0.2137,-0.6603,0.2983,-0.4751,0.169,0.4867,-0.3391,-0.7132,-0.6377,-0.744,-0.2062,-0.7964,-0.2072,-0.059,0.0399,0.2262,0.6829,0.8248,-0.6603,0.2983,0.3743,0.1087,-0.5337,0.4295,-0.7704,-0.4196,0.5289,-0.9881,0.3439,0.0575,-1.0219,-1.3094,0.5285,-0.1566,-0.6603,0.3694,0.7843,-0.4829,0.1236,0.0436,0.6915,0.9778,-0.0772,0.0866,0.5355,-0.2982,-0.0898,-0.3493,0.0195,0.0927,0.3555,-0.401,0.2822,-0.1624,FL
-0.0362,-0.0541,-0.0948,-0.868,-0.8178,-0.4112,-0.0309,0.5834,-0.0424,-0.0371,0.1203,0.359,0.1669,1.2717,0.0369,0.0768,-0.487,-0.2037,0.2331,-0.8478,-1.0914,0.3829,0.4816,-0.3985,0.2838,-0.1863,0.0731,0.4429,0.1056,-0.1722,-0.7934,-0.072,-0.4874,0.8146,0.3661,-0.0709,-0.0056,-0.5583,-0.2401,-0.8932,-0.3056,-0.7248,-0.7436,0.8874,0.8874,0.0291,0.948,0.0291,0.3869,-0.4984,-0.5992,0.3661,-0.0709,-0.2401,-0.7934,-0.5583,-0.1722,-0.7436,-0.4874,-0.3056,0.8874,-0.0056,-0.035,0.6014,0.0291,0.3869,0.3829,0.2838,0.4429,0.8146,-0.1863,-0.487,-0.2037,0.4816,-1.0914,-0.8932,-0.8478,0.0731,-0.072,-0.3985,0.0291,0.0768,1.2717,0.0369,0.5834,0.1203,0.1056,0.2331,-0.0424,0.359,-0.0309,-0.0541,-0.4112,-0.0371,0.1669,-0.0948,-0.868,-0.8178,-0.7248,-0.0362,FL
-0.269,-0.3497,-0.6536,-0.4766,0.0487,-0.3593,-0.1424,0.0182,0.4791,-0.192,0.7192,0.2601,0.1374,0.3805,0.0569,0.7541,-0.424,-0.083,0.9956,-0.6006,0.0412,0.0734,0.227,-0.3355,0.297,-0.6243,0.3048,-0.139,0.5255,-0.1258,-0.9436,-1.1267,-0.9652,-0.3145,-0.0991,-0.2319,0.021,-0.393,-0.4609,-0.5989,-0.9299,-0.4655,-0.8153,-0.0571,-0.0571,-0.5511,0.6488,-0.5511,-0.2176,-0.5947,-0.6232,-0.0991,-0.2319,-0.4609,-0.9436,-0.393,-0.1258,-0.8153,-0.9652,-0.9299,-0.0571,0.021,0.2054,-0.2461,-0.5511,-0.2176,0.0734,0.297,-0.139,-0.3145,-0.6243,-0.424,-0.083,0.227,0.0412,-0.5989,-0.6006,0.3048,-1.1267,-0.3355,-0.5511,0.7541,0.3805,0.0569,0.0182,0.7192,0.5255,0.9956,0.4791,0.2601,-0.1424,-0.3497,-0.3593,-0.192,0.1374,-0.6536,-0.4766,0.0487,-0.4655,-0.269,FL
-0.1222,0.045,0.0872,0.3234,-0.0938,-0.3745,0.5819,0.2931,-0.1757,-0.6444,0.0589,-0.2195,-0.1795,1.1626,-0.1497,0.0443,-0.035,0.3598,1.0133,1.3595,0.2318,0.5119,-0.34,-0.3834,0.0234,0.367,1.4712,0.0432,0.6622,-0.0515,0.3762,-0.179,1.8745,0.6133,0.969,-0.2933,-0.112,0.1957,0.5485,0.0317,0.6675,0.7161,-0.223,0.1616,0.1616,-0.3788,0.6706,-0.3788,-0.1132,0.2987,0.2394,0.969,-0.2933,0.5485,0.3762,0.1957,-0.0515,-0.223,1.8745,0.6675,0.1616,-0.112,0.7653,-0.2671,-0.3788,-0.1132,0.5119,0.0234,0.0432,0.6133,0.367,-0.035,0.3598,-0.34,0.2318,0.0317,1.3595,1.4712,-0.179,-0.3834,-0.3788,0.0443,1.1626,-0.1497,0.2931,0.0589,0.6622,1.0133,-0.1757,-0.2195,0.5819,0.045,-0.3745,-0.6444,-0.1795,0.0872,0.3234,-0.0938,0.7161,-0.1222,FL
-0.5168,-0.0017,-0.308,0.0218,-0.3618,-0.2287,0.4241,0.4421,0.4038,0.5506,0.2099,0.0399,0.0711,0.195,-0.1897,-0.2754,-0.3762,0.0056,0.2508,-0.932,-0.0616,-0.2877,0.2154,-0.1364,0.1087,-0.4258,-0.3747,-0.3667,0.086,-0.2,-0.5951,-0.7064,0.7924,1.646,0.5556,0.3753,-0.1006,-0.6013,2.2519,-0.4599,0.4097,-0.5747,1.1208,1.0722,1.0722,-0.5884,1.133,-0.5884,0.1717,-0.5648,-0.0976,0.5556,0.3753,2.2519,-0.5951,-0.6013,-0.2,1.1208,0.7924,0.4097,1.0722,-0.1006,0.4656,1.4024,-0.5884,0.1717,-0.2877,0.1087,-0.3667,1.646,-0.4258,-0.3762,0.0056,0.2154,-0.0616,-0.4599,-0.932,-0.3747,-0.7064,-0.1364,-0.5884,-0.2754,0.195,-0.1897,0.4421,0.2099,0.086,0.2508,0.4038,0.0399,0.4241,-0.0017,-0.2287,0.5506,0.0711,-0.308,0.0218,-0.3618,-0.5747,-0.5168,FL
-0.284,0.3024,-0.0709,-0.498,0.3512,-0.0702,0.0805,0.3573,0.1141,-0.2559,0.8805,0.0325,-0.1427,0.5478,0.7365,0.2123,-0.3697,-0.0669,-0.0861,-0.5613,-0.0784,0.4947,0.3196,0.0324,-0.0149,-0.017,0.9218,-0.3819,0.4669,-0.2,-0.4876,-0.8186,-0.2018,0.2107,0.969,-0.2384,0.0286,-0.2413,0.6837,-0.9676,0.0165,-0.7603,-0.2997,1.2526,1.2526,-0.0858,0.6216,-0.0858,0.1622,-0.143,-0.5192,0.969,-0.2384,0.6837,-0.4876,-0.2413,-0.2,-0.2997,-0.2018,0.0165,1.2526,0.0286,0.6698,0.2936,-0.0858,0.1622,0.4947,-0.0149,-0.3819,0.2107,-0.017,-0.3697,-0.0669,0.3196,-0.0784,-0.9676,-0.5613,0.9218,-0.8186,0.0324,-0.0858,0.2123,0.5478,0.7365,0.3573,0.8805,0.4669,-0.0861,0.1141,0.0325,0.0805,0.3024,-0.0702,-0.2559,-0.1427,-0.0709,-0.498,0.3512,-0.7603,-0.284,FL
-0.2288,-0.0598,-0.5323,-0.7269,0.2963,-0.5323,0.6098,0.6168,0.0735,0.1596,0.256,-0.0161,-0.2385,2.1339,0.0835,0.1689,-0.2697,0.1908,-0.0151,-0.5445,-0.0355,0.1336,0.5047,0.181,0.781,-0.1031,0.6771,-0.2857,0.2813,-0.135,-0.5135,0.21,-0.2622,0.7446,0.6589,7.2028,0.515,-0.6647,0.4133,-0.4211,0.1876,-0.1654,-0.1364,0.2495,0.2495,-0.2667,1.0514,-0.2667,0.0957,-0.1596,-0.5105,0.6589,7.2028,0.4133,-0.5135,-0.6647,-0.135,-0.1364,-0.2622,0.1876,0.2495,0.515,0.4359,0.8754,-0.2667,0.0957,0.1336,0.781,-0.2857,0.7446,-0.1031,-0.2697,0.1908,0.5047,-0.0355,-0.4211,-0.5445,0.6771,0.21,0.181,-0.2667,0.1689,2.1339,0.0835,0.6168,0.256,0.2813,-0.0151,0.0735,-0.0161,0.6098,-0.0598,-0.5323,0.1596,-0.2385,-0.5323,-0.7269,0.2963,-0.1654,-0.2288,FL
0.2939,-0.6366,-0.5359,-0.6713,0.2681,0.0306,0.2198,0.4986,-0.1467,0.4596,0.4403,-0.0254,0.3806,0.7406,0.1268,0.2177,-0.1893,-0.0991,0.7828,-1.0163,0.3103,0.039,0.1113,-0.1667,1.318,-0.5776,0.4376,0.0381,0.6622,-0.5435,-0.71,-0.0067,-0.9707,0.9371,1.0552,-0.1219,0.1768,-0.2436,-0.56,-0.7186,0.1831,-1.025,-0.8083,0.4253,0.4253,-0.192,0.5727,-0.192,0.5325,0.3552,-0.1154,1.0552,-0.1219,-0.56,-0.71,-0.2436,-0.5435,-0.8083,-0.9707,0.1831,0.4253,0.1768,0.4326,-0.0521,-0.192,0.5325,0.039,1.318,0.0381,0.9371,-0.5776,-0.1893,-0.0991,0.1113,0.3103,-0.7186,-1.0163,0.4376,-0.0067,-0.1667,-0.192,0.2177,0.7406,0.1268,0.4986,0.4403,0.6622,0.7828,-0.1467,-0.0254,0.2198,-0.6366,0.0306,0.4596,0.3806,-0.5359,-0.6713,0.2681,-1.025,0.2939,FL
-0.6075,-0.2019,-0.3503,-0.4958,0.1381,-0.4467,-0.0495,0.5166,0.0561,-0.2215,0.8011,-0.1579,-0.7028,0.3005,0.1901,-0.3675,-0.5022,0.3357,-1.4337,-0.449,-0.5793,-0.9326,-0.1202,0.1307,0.631,0.2239,0.5625,-0.2756,0.0567,0.1249,-0.7304,0.1056,0.3365,0.482,0.7451,0.2418,0.0058,-0.2617,0.2241,-0.4405,-0.3723,0.1976,-0.219,0.3825,0.3825,-0.2351,0.6053,-0.2351,0.3648,-0.598,-1.0289,0.7451,0.2418,0.2241,-0.7304,-0.2617,0.1249,-0.219,0.3365,-0.3723,0.3825,0.0058,0.1428,0.3653,-0.2351,0.3648,-0.9326,0.631,-0.2756,0.482,0.2239,-0.5022,0.3357,-0.1202,-0.5793,-0.4405,-0.449,0.5625,0.1056,0.1307,-0.2351,-0.3675,0.3005,0.1901,0.5166,0.8011,0.0567,-1.4337,0.0561,-0.1579,-0.0495,-0.2019,-0.4467,-0.2215,-0.7028,-0.3503,-0.4958,0.1381,0.1976,-0.6075,FL
-0.0343,-0.3716,-0.3724,-0.8467,0.5079,-1.196,0.5169,-0.7627,-1.3055,0.199,-0.4095,2.089,1.1324,-1.0964,-0.5129,2.7102,0.1106,0.1666,2.1304,0.0228,1.3625,0.4259,-1.4046,-0.8168,-0.5945,-0.9076,-1.9186,1.9963,2.0976,0.6509,0.9138,-1.4374,0.2322,-1.7498,-0.2886,-0.1847,0.2338,0.0984,-1.1549,1.5354,-1.1654,-0.3127,-1.4176,0.1976,0.1976,0.1498,-1.4726,0.1498,0.6465,1.036,0.4851,-0.2886,-0.1847,-1.1549,0.9138,0.0984,0.6509,-1.4176,0.2322,-1.1654,0.1976,0.2338,0.897,2.1781,0.1498,0.6465,0.4259,-0.5945,1.9963,-1.7498,-0.9076,0.1106,0.1666,-1.4046,1.3625,1.5354,0.0228,-1.9186,-1.4374,-0.8168,0.1498,2.7102,-1.0964,-0.5129,-0.7627,-0.4095,2.0976,2.1304,-1.3055,2.089,0.5169,-0.3716,-1.196,0.199,1.1324,-0.3724,-0.8467,0.5079,-0.3127,-0.0343,FL
-1.5923,-0.0722,-0.3797,-0.0424,-0.4433,-0.3244,-0.226,-0.3132,-0.251,0.14,0.4351,-0.1635,-1.3882,0.9989,-0.5695,-0.7685,-0.361,-0.9928,-0.8131,-0.4377,-0.1065,-0.2791,-0.8261,0.0626,0.2205,-0.4594,0.6485,-0.1339,-0.2069,-0.1969,-0.5988,0.6068,-0.5093,0.1844,-1.6495,-0.1795,-1.841,-0.0534,4.1221,-0.974,-0.259,0.0502,-0.0229,1.3134,1.3134,-0.0944,0.6924,-0.0944,0.311,-0.4087,-0.6614,-1.6495,-0.1795,4.1221,-0.5988,-0.0534,-0.1969,-0.0229,-0.5093,-0.259,1.3134,-1.841,-0.4203,0.4707,-0.0944,0.311,-0.2791,0.2205,-0.1339,0.1844,-0.4594,-0.361,-0.9928,-0.8261,-0.1065,-0.974,-0.4377,0.6485,0.6068,0.0626,-0.0944,-0.7685,0.9989,-0.5695,-0.3132,0.4351,-0.2069,-0.8131,-0.251,-0.1635,-0.226,-0.0722,-0.3244,0.14,-1.3882,-0.3797,-0.0424,-0.4433,0.0502,-1.5923,FL
-0.6272,-0.4202,-0.172,-0.0039,0.0174,-0.1646,0.2476,-0.0871,-0.025,-0.5239,0.5964,0.0082,-1.005,0.024,-0.143,-0.7739,-0.55,-0.4775,-0.4939,-0.3086,0.1028,-0.967,-0.2706,0.1685,0.1999,-0.2593,0.2553,-0.1542,-0.246,-0.8684,-0.5747,-0.1738,-0.7895,0.4645,-0.7709,-0.3156,-0.4198,-0.2254,0.0393,-0.7574,-0.5255,-0.5201,-0.7795,-0.4087,-0.4087,-0.3931,-0.1508,-0.3931,-0.3252,-1.2224,-0.5691,-0.7709,-0.3156,0.0393,-0.5747,-0.2254,-0.8684,-0.7795,-0.7895,-0.5255,-0.4087,-0.4198,0.0638,-0.1449,-0.3931,-0.3252,-0.967,0.1999,-0.1542,0.4645,-0.2593,-0.55,-0.4775,-0.2706,0.1028,-0.7574,-0.3086,0.2553,-0.1738,0.1685,-0.3931,-0.7739,0.024,-0.143,-0.0871,0.5964,-0.246,-0.4939,-0.025,0.0082,0.2476,-0.4202,-0.1646,-0.5239,-1.005,-0.172,-0.0039,0.0174,-0.5201,-0.6272,FL
-0.3027,-0.7329,-0.6462,0.7341,0.5799,-0.5773,0.7955,0.3804,-0.222,-0.9468,0.1587,0.1575,1.0366,0.5842,0.5,1.0847,-0.0937,-0.7432,1.7403,-0.1288,0.4056,0.5979,-0.097,-0.5698,-0.0752,0.2619,1.091,-1.2269,0.2227,-0.3547,0.1686,-0.2103,0.5947,0.0269,1.6926,-0.3679,0.5758,-0.5923,-0.0643,-0.0427,0.4142,-0.0453,-0.7297,-0.1743,-0.1743,0.0521,0.1484,0.0521,-0.6481,-0.1231,-0.2337,1.6926,-0.3679,-0.0643,0.1686,-0.5923,-0.3547,-0.7297,0.5947,0.4142,-0.1743,0.5758,0.5742,0.1039,0.0521,-0.6481,0.5979,-0.0752,-1.2269,0.0269,0.2619,-0.0937,-0.7432,-0.097,0.4056,-0.0427,-0.1288,1.091,-0.2103,-0.5698,0.0521,1.0847,0.5842,0.5,0.3804,0.1587,0.2227,1.7403,-0.222,0.1575,0.7955,-0.7329,-0.5773,-0.9468,1.0366,-0.6462,0.7341,0.5799,-0.0453,-0.3027,FL
